household_id,cluster,cluster_name,r_score,f_score,m_score,rfm_code,has_demographics
1,3,Loyal Actives,5,3,4,534,True
2,2,Declining,1,2,3,123,False
3,3,Loyal Actives,2,2,3,223,False
4,2,Declining,2,2,2,222,False
5,2,Declining,1,2,1,121,False
6,3,Loyal Actives,5,5,5,555,False
7,3,Loyal Actives,3,2,4,324,True
8,3,Loyal Actives,4,4,5,445,True
9,2,Declining,3,1,2,312,False
11,1,Truly Lapsed,1,1,1,111,False
12,1,Truly Lapsed,1,1,1,111,False
13,0,Champions,5,5,5,555,True
14,0,Champions,5,4,4,544,False
15,3,Loyal Actives,3,3,2,332,False
16,3,Loyal Actives,4,3,2,432,True
17,0,Champions,2,3,4,234,True
18,3,Loyal Actives,5,5,5,555,True
19,3,Loyal Actives,5,5,5,555,True
20,0,Champions,4,5,5,455,True
21,2,Declining,1,2,2,122,False
22,0,Champions,5,4,5,545,True
23,3,Loyal Actives,5,4,3,543,False
24,2,Declining,4,2,1,421,False
25,3,Loyal Actives,4,4,4,444,True
26,3,Loyal Actives,3,3,3,333,False
27,3,Loyal Actives,5,5,5,555,True
28,3,Loyal Actives,3,4,3,343,False
29,3,Loyal Actives,5,3,2,532,False
30,0,Champions,3,1,1,311,False
31,0,Champions,5,3,4,534,True
32,3,Loyal Actives,4,3,3,433,False
33,3,Loyal Actives,5,3,2,532,False
34,2,Declining,2,2,1,221,False
35,0,Champions,2,3,2,232,False
36,3,Loyal Actives,4,5,4,454,False
37,2,Declining,4,3,4,434,False
38,2,Declining,1,1,1,111,False
39,3,Loyal Actives,3,2,4,324,True
40,0,Champions,4,5,5,455,True
41,3,Loyal Actives,4,3,4,434,False
42,3,Loyal Actives,4,3,3,433,True
43,0,Champions,3,4,2,342,True
44,2,Declining,2,2,2,222,False
45,2,Declining,1,2,1,121,False
46,3,Loyal Actives,5,5,5,555,True
47,3,Loyal Actives,4,4,3,443,False
48,2,Declining,2,3,2,232,True
49,0,Champions,5,4,5,545,True
50,1,Truly Lapsed,1,1,1,111,False
51,3,Loyal Actives,2,3,4,234,False
52,3,Loyal Actives,5,4,5,545,True
53,0,Champions,2,3,3,233,False
54,1,Truly Lapsed,1,1,1,111,False
55,3,Loyal Actives,4,4,2,442,True
56,3,Loyal Actives,4,5,5,455,True
57,3,Loyal Actives,3,5,4,354,True
58,0,Champions,5,5,5,555,True
59,3,Loyal Actives,3,2,3,323,False
60,1,Truly Lapsed,4,1,1,411,False
61,1,Truly Lapsed,1,1,1,111,False
62,2,Declining,2,2,1,221,False
63,2,Declining,1,1,1,111,False
64,3,Loyal Actives,5,5,4,554,False
65,3,Loyal Actives,3,4,3,343,False
66,2,Declining,1,1,1,111,False
67,3,Loyal Actives,4,5,5,455,True
68,0,Champions,5,5,5,555,False
69,3,Loyal Actives,3,5,5,355,False
70,2,Declining,5,2,1,521,False
71,2,Declining,4,3,3,433,True
72,3,Loyal Actives,3,3,5,335,False
73,0,Champions,5,5,4,554,False
74,3,Loyal Actives,3,4,3,343,True
75,2,Declining,2,3,2,232,False
76,2,Declining,5,1,1,511,False
77,3,Loyal Actives,3,3,4,334,True
78,3,Loyal Actives,4,5,4,454,True
79,3,Loyal Actives,3,5,4,354,False
80,3,Loyal Actives,5,4,4,544,True
81,3,Loyal Actives,2,4,3,243,False
82,2,Declining,4,2,1,421,False
83,3,Loyal Actives,3,4,2,342,False
84,3,Loyal Actives,3,3,2,332,False
85,3,Loyal Actives,5,5,4,554,True
86,2,Declining,2,2,4,224,True
87,2,Declining,3,2,2,322,False
88,3,Loyal Actives,3,5,5,355,False
89,2,Declining,2,1,1,211,False
90,1,Truly Lapsed,1,1,1,111,False
91,0,Champions,5,5,4,554,False
92,3,Loyal Actives,2,3,3,233,False
93,2,Declining,1,3,4,134,False
94,0,Champions,2,2,1,221,False
95,3,Loyal Actives,5,5,5,555,False
96,1,Truly Lapsed,1,1,1,111,False
97,0,Champions,5,5,5,555,True
98,3,Loyal Actives,4,5,4,454,True
99,3,Loyal Actives,3,5,5,355,False
100,0,Champions,1,2,3,123,False
101,0,Champions,5,5,5,555,True
103,2,Declining,2,1,1,211,False
104,3,Loyal Actives,5,4,5,545,True
105,3,Loyal Actives,3,4,4,344,True
106,0,Champions,5,3,3,533,False
107,2,Declining,1,1,1,111,False
108,3,Loyal Actives,3,3,3,333,False
109,3,Loyal Actives,2,4,4,244,True
110,0,Champions,2,4,4,244,True
111,3,Loyal Actives,5,2,2,522,False
112,0,Champions,3,3,3,333,False
113,0,Champions,4,5,5,455,True
114,3,Loyal Actives,2,3,3,233,True
115,0,Champions,4,5,5,455,False
116,3,Loyal Actives,4,3,2,432,False
117,3,Loyal Actives,4,3,3,433,True
118,3,Loyal Actives,3,3,4,334,True
119,3,Loyal Actives,5,3,4,534,True
120,1,Truly Lapsed,1,1,1,111,False
121,3,Loyal Actives,2,4,3,243,True
122,2,Declining,2,3,2,232,False
123,3,Loyal Actives,4,4,4,444,True
124,2,Declining,5,2,1,521,False
125,0,Champions,4,5,5,455,False
126,2,Declining,1,1,1,111,False
127,0,Champions,4,5,5,455,True
128,3,Loyal Actives,5,2,2,522,False
129,2,Declining,2,2,2,222,False
130,1,Truly Lapsed,1,1,1,111,False
131,3,Loyal Actives,5,5,4,554,True
132,3,Loyal Actives,2,4,3,243,False
133,3,Loyal Actives,3,3,4,334,True
134,3,Loyal Actives,2,3,4,234,True
135,3,Loyal Actives,4,3,1,431,False
136,3,Loyal Actives,1,3,4,134,True
137,2,Declining,2,2,1,221,False
138,3,Loyal Actives,2,3,4,234,False
139,3,Loyal Actives,3,4,4,344,True
140,2,Declining,2,3,2,232,False
141,2,Declining,1,2,1,121,False
142,3,Loyal Actives,4,4,3,443,False
143,0,Champions,2,5,5,255,False
144,3,Loyal Actives,5,3,3,533,False
145,2,Declining,1,2,2,122,False
146,2,Declining,1,2,2,122,False
147,2,Declining,3,1,2,312,False
148,2,Declining,2,2,2,222,False
149,0,Champions,4,5,5,455,True
150,2,Declining,1,1,1,111,False
151,2,Declining,2,2,2,222,False
152,2,Declining,2,2,2,222,False
153,2,Declining,2,3,3,233,False
154,2,Declining,2,1,1,211,False
155,3,Loyal Actives,4,2,3,423,True
156,0,Champions,5,5,4,554,False
157,3,Loyal Actives,1,4,3,143,True
158,3,Loyal Actives,3,5,3,353,True
159,3,Loyal Actives,3,3,3,333,True
160,3,Loyal Actives,4,2,2,422,False
161,3,Loyal Actives,5,5,5,555,True
162,3,Loyal Actives,5,3,4,534,False
163,1,Truly Lapsed,1,1,1,111,False
164,3,Loyal Actives,5,4,4,544,True
165,0,Champions,5,5,3,553,True
166,3,Loyal Actives,5,4,4,544,True
167,2,Declining,1,1,2,112,False
168,0,Champions,1,2,1,121,False
169,0,Champions,1,1,1,111,False
170,2,Declining,1,2,3,123,True
171,2,Declining,2,2,2,222,False
172,0,Champions,3,5,3,353,False
173,1,Truly Lapsed,1,1,1,111,False
174,1,Truly Lapsed,1,1,2,112,False
175,2,Declining,2,3,3,233,False
176,0,Champions,1,1,2,112,False
177,3,Loyal Actives,3,3,3,333,False
178,2,Declining,5,4,3,543,True
179,2,Declining,1,2,1,121,False
180,3,Loyal Actives,5,3,3,533,False
181,1,Truly Lapsed,1,1,2,112,False
182,2,Declining,2,2,2,222,False
183,3,Loyal Actives,5,4,2,542,False
184,0,Champions,5,5,5,555,True
185,3,Loyal Actives,5,3,3,533,False
187,2,Declining,2,2,1,221,False
188,2,Declining,1,2,3,123,False
189,0,Champions,2,2,2,222,False
190,2,Declining,1,1,2,112,False
191,2,Declining,2,2,1,221,False
192,3,Loyal Actives,3,3,4,334,True
193,0,Champions,3,4,4,344,True
194,3,Loyal Actives,4,2,2,422,False
195,0,Champions,1,3,4,134,False
196,3,Loyal Actives,5,5,5,555,False
197,3,Loyal Actives,2,3,3,233,False
198,3,Loyal Actives,4,5,5,455,True
199,2,Declining,2,2,1,221,False
200,1,Truly Lapsed,2,4,2,242,False
201,3,Loyal Actives,4,3,3,433,True
202,2,Declining,1,1,1,111,False
203,0,Champions,1,2,2,122,False
204,2,Declining,2,2,1,221,False
205,3,Loyal Actives,5,4,4,544,False
207,2,Declining,2,1,2,212,False
208,3,Loyal Actives,4,4,4,444,True
209,0,Champions,3,5,5,355,True
210,3,Loyal Actives,5,5,4,554,False
211,3,Loyal Actives,4,4,3,443,True
212,3,Loyal Actives,3,4,4,344,True
213,2,Declining,1,1,1,111,False
214,3,Loyal Actives,5,4,4,544,True
215,3,Loyal Actives,4,4,3,443,False
216,3,Loyal Actives,3,4,4,344,True
217,0,Champions,3,3,3,333,False
218,0,Champions,5,5,5,555,True
219,3,Loyal Actives,4,5,5,455,True
220,0,Champions,2,3,3,233,True
221,3,Loyal Actives,4,3,4,434,True
222,3,Loyal Actives,4,3,4,434,True
223,3,Loyal Actives,5,3,3,533,False
224,3,Loyal Actives,3,3,3,333,False
225,2,Declining,2,2,1,221,False
226,2,Declining,2,1,1,211,False
227,3,Loyal Actives,5,4,2,542,False
228,2,Declining,2,3,4,234,False
229,2,Declining,1,2,2,122,False
230,3,Loyal Actives,5,5,4,554,True
232,0,Champions,3,5,5,355,True
233,2,Declining,3,1,1,311,False
234,1,Truly Lapsed,1,1,1,111,False
235,3,Loyal Actives,4,4,5,445,True
236,2,Declining,4,1,2,412,False
237,1,Truly Lapsed,1,1,1,111,False
238,2,Declining,3,1,1,311,False
239,3,Loyal Actives,3,5,4,354,True
241,2,Declining,1,1,1,111,False
242,3,Loyal Actives,4,3,4,434,True
243,0,Champions,3,5,5,355,True
244,3,Loyal Actives,3,2,3,323,False
245,0,Champions,4,2,3,423,False
246,3,Loyal Actives,4,2,2,422,False
247,3,Loyal Actives,3,3,3,333,False
248,3,Loyal Actives,3,3,4,334,True
249,3,Loyal Actives,3,4,4,344,True
250,3,Loyal Actives,4,4,5,445,True
251,3,Loyal Actives,3,3,3,333,False
252,1,Truly Lapsed,1,1,1,111,False
253,3,Loyal Actives,3,5,5,355,True
254,2,Declining,3,2,1,321,False
255,2,Declining,3,1,1,311,False
256,3,Loyal Actives,2,3,5,235,True
257,3,Loyal Actives,3,4,4,344,True
258,3,Loyal Actives,4,5,3,453,False
259,3,Loyal Actives,2,3,2,232,False
260,2,Declining,2,1,1,211,False
261,1,Truly Lapsed,1,2,2,122,False
262,3,Loyal Actives,5,4,4,544,False
263,3,Loyal Actives,5,5,5,555,True
264,3,Loyal Actives,2,3,3,233,True
265,2,Declining,1,2,3,123,False
266,3,Loyal Actives,2,2,3,223,False
267,2,Declining,3,1,1,311,False
268,2,Declining,2,2,2,222,False
269,2,Declining,3,2,2,322,False
270,2,Declining,1,2,2,122,False
271,2,Declining,3,2,1,321,False
273,3,Loyal Actives,5,5,4,554,False
274,2,Declining,2,1,1,211,False
275,0,Champions,5,5,5,555,False
276,0,Champions,5,5,5,555,True
277,2,Declining,3,1,2,312,False
278,2,Declining,2,3,3,233,False
279,0,Champions,3,3,3,333,False
280,0,Champions,2,4,3,243,False
281,3,Loyal Actives,2,3,2,232,True
282,3,Loyal Actives,5,4,4,544,True
283,3,Loyal Actives,4,3,5,435,True
284,1,Truly Lapsed,1,1,1,111,False
285,3,Loyal Actives,5,5,4,554,False
286,2,Declining,2,2,2,222,False
287,3,Loyal Actives,5,5,4,554,False
288,0,Champions,2,3,3,233,False
289,3,Loyal Actives,5,5,5,555,True
290,3,Loyal Actives,5,5,5,555,True
291,3,Loyal Actives,3,3,4,334,False
292,2,Declining,2,2,1,221,False
293,3,Loyal Actives,2,4,4,244,False
294,3,Loyal Actives,5,5,4,554,True
295,1,Truly Lapsed,1,1,1,111,False
296,0,Champions,2,1,1,211,False
297,3,Loyal Actives,5,4,4,544,False
299,1,Truly Lapsed,1,1,1,111,False
300,3,Loyal Actives,4,4,4,444,True
301,3,Loyal Actives,4,3,5,435,True
302,3,Loyal Actives,5,4,3,543,True
303,3,Loyal Actives,3,5,5,355,False
304,0,Champions,5,5,5,555,True
305,3,Loyal Actives,4,4,4,444,False
306,0,Champions,5,5,5,555,True
307,3,Loyal Actives,4,5,4,454,False
308,3,Loyal Actives,4,4,3,443,False
309,2,Declining,2,1,3,213,True
311,2,Declining,2,2,2,222,False
312,2,Declining,1,2,3,123,False
314,2,Declining,3,2,4,324,True
315,1,Truly Lapsed,2,1,1,211,False
316,3,Loyal Actives,4,2,2,422,False
317,3,Loyal Actives,3,2,5,325,True
318,2,Declining,1,3,2,132,False
319,0,Champions,2,4,4,244,True
320,2,Declining,4,1,1,411,False
321,3,Loyal Actives,3,4,5,345,True
322,2,Declining,1,2,3,123,False
323,1,Truly Lapsed,1,1,1,111,False
324,0,Champions,5,4,5,545,True
325,3,Loyal Actives,5,3,3,533,True
326,2,Declining,5,1,1,511,False
327,1,Truly Lapsed,1,1,1,111,False
328,3,Loyal Actives,4,5,5,455,False
329,3,Loyal Actives,3,4,4,344,True
330,0,Champions,1,5,3,153,False
331,2,Declining,1,3,3,133,False
332,3,Loyal Actives,4,4,5,445,True
333,2,Declining,1,2,2,122,False
334,3,Loyal Actives,4,5,4,454,True
335,3,Loyal Actives,4,4,4,444,False
336,0,Champions,1,4,4,144,False
337,2,Declining,1,3,2,132,False
338,3,Loyal Actives,5,5,3,553,False
339,3,Loyal Actives,4,3,3,433,False
340,2,Declining,2,1,2,212,False
341,2,Declining,2,1,1,211,False
342,3,Loyal Actives,2,2,3,223,False
343,2,Declining,5,3,2,532,False
344,2,Declining,2,1,2,212,False
345,3,Loyal Actives,3,5,5,355,False
346,3,Loyal Actives,4,4,5,445,True
347,2,Declining,5,1,1,511,False
348,3,Loyal Actives,4,5,4,454,False
349,2,Declining,3,1,2,312,False
350,0,Champions,3,3,3,333,True
351,3,Loyal Actives,4,5,5,455,True
353,3,Loyal Actives,3,4,4,344,True
354,3,Loyal Actives,5,4,5,545,True
355,1,Truly Lapsed,1,1,1,111,False
356,0,Champions,5,5,4,554,False
357,3,Loyal Actives,4,2,3,423,False
358,3,Loyal Actives,5,5,5,555,True
360,2,Declining,1,2,1,121,False
361,3,Loyal Actives,3,5,5,355,True
362,3,Loyal Actives,3,3,3,333,True
363,1,Truly Lapsed,1,1,1,111,False
364,3,Loyal Actives,3,3,3,333,False
365,3,Loyal Actives,3,4,5,345,False
366,2,Declining,1,2,1,121,False
367,3,Loyal Actives,4,4,5,445,True
368,2,Declining,3,1,1,311,False
369,2,Declining,2,2,2,222,False
370,1,Truly Lapsed,1,4,4,144,True
371,3,Loyal Actives,4,5,5,455,True
372,1,Truly Lapsed,1,1,1,111,False
373,1,Truly Lapsed,1,1,1,111,False
374,3,Loyal Actives,4,4,5,445,False
375,2,Declining,3,1,1,311,False
376,3,Loyal Actives,5,5,4,554,False
377,3,Loyal Actives,4,4,3,443,True
378,3,Loyal Actives,4,5,4,454,True
380,3,Loyal Actives,3,4,5,345,False
381,3,Loyal Actives,5,3,3,533,True
382,2,Declining,1,1,1,111,False
383,3,Loyal Actives,2,4,5,245,True
384,3,Loyal Actives,4,3,4,434,False
385,2,Declining,3,2,4,324,True
386,3,Loyal Actives,5,5,4,554,True
387,3,Loyal Actives,1,4,5,145,True
388,3,Loyal Actives,3,2,2,322,False
389,3,Loyal Actives,5,5,5,555,True
390,3,Loyal Actives,4,3,3,433,True
391,2,Declining,1,3,3,133,True
392,3,Loyal Actives,3,4,5,345,True
393,3,Loyal Actives,5,5,4,554,False
394,3,Loyal Actives,4,3,3,433,False
395,3,Loyal Actives,4,3,2,432,True
396,3,Loyal Actives,5,4,3,543,False
397,0,Champions,4,5,5,455,False
398,0,Champions,2,4,3,243,False
399,1,Truly Lapsed,1,1,1,111,False
400,3,Loyal Actives,5,5,5,555,True
401,3,Loyal Actives,3,4,3,343,False
402,0,Champions,3,3,3,333,False
403,2,Declining,3,2,2,322,False
404,3,Loyal Actives,4,5,4,454,True
405,0,Champions,3,4,4,344,False
406,2,Declining,4,3,3,433,False
407,1,Truly Lapsed,1,2,1,121,False
408,3,Loyal Actives,3,3,4,334,False
409,0,Champions,3,4,4,344,True
410,3,Loyal Actives,2,4,2,242,True
411,3,Loyal Actives,4,5,5,455,True
412,3,Loyal Actives,3,4,3,343,True
413,0,Champions,5,5,5,555,True
414,3,Loyal Actives,5,5,4,554,False
415,2,Declining,1,1,1,111,False
416,2,Declining,1,1,2,112,False
417,3,Loyal Actives,5,3,4,534,True
418,3,Loyal Actives,5,5,5,555,True
419,3,Loyal Actives,3,2,3,323,False
420,3,Loyal Actives,4,2,2,422,False
421,0,Champions,4,4,4,444,False
422,2,Declining,2,1,2,212,False
423,1,Truly Lapsed,1,1,1,111,False
424,3,Loyal Actives,3,2,4,324,False
425,3,Loyal Actives,2,4,4,244,False
426,0,Champions,4,5,5,455,True
427,2,Declining,3,2,2,322,False
428,3,Loyal Actives,1,3,4,134,True
429,2,Declining,1,2,1,121,False
430,3,Loyal Actives,5,3,3,533,False
431,2,Declining,1,2,1,121,False
432,3,Loyal Actives,4,5,4,454,True
433,3,Loyal Actives,5,2,1,521,False
434,3,Loyal Actives,5,4,4,544,True
435,2,Declining,3,3,2,332,False
436,2,Declining,2,1,3,213,False
437,0,Champions,2,3,4,234,True
438,3,Loyal Actives,4,3,5,435,True
439,2,Declining,2,1,1,211,False
441,3,Loyal Actives,3,3,3,333,True
442,0,Champions,5,5,4,554,True
443,3,Loyal Actives,3,4,4,344,True
444,2,Declining,1,2,2,122,False
445,3,Loyal Actives,2,5,4,254,False
446,2,Declining,3,2,1,321,False
447,3,Loyal Actives,3,3,2,332,False
448,3,Loyal Actives,5,2,1,521,False
449,2,Declining,3,1,1,311,False
450,3,Loyal Actives,5,3,2,532,False
451,3,Loyal Actives,3,5,3,353,True
452,1,Truly Lapsed,1,1,2,112,False
453,2,Declining,1,1,1,111,False
454,3,Loyal Actives,4,5,5,455,True
455,2,Declining,1,1,2,112,False
456,3,Loyal Actives,3,3,5,335,True
457,3,Loyal Actives,5,3,2,532,False
458,3,Loyal Actives,2,4,3,243,True
459,2,Declining,2,3,2,232,False
460,3,Loyal Actives,4,4,2,442,True
461,0,Champions,2,2,2,222,False
462,3,Loyal Actives,2,3,2,232,True
463,0,Champions,5,5,5,555,False
464,0,Champions,4,4,4,444,True
465,2,Declining,2,2,1,221,False
466,2,Declining,4,1,2,412,False
467,3,Loyal Actives,4,5,4,454,False
468,3,Loyal Actives,4,5,5,455,False
469,3,Loyal Actives,3,4,5,345,True
470,3,Loyal Actives,3,4,3,343,False
471,3,Loyal Actives,2,2,2,222,False
472,3,Loyal Actives,1,3,5,135,False
473,0,Champions,4,3,4,434,True
474,2,Declining,4,2,3,423,False
475,3,Loyal Actives,3,2,2,322,False
476,2,Declining,3,2,2,322,False
477,0,Champions,4,2,1,421,False
478,2,Declining,1,1,1,111,False
479,3,Loyal Actives,5,3,2,532,False
480,0,Champions,2,3,3,233,False
481,3,Loyal Actives,5,1,2,512,False
482,3,Loyal Actives,3,3,2,332,False
483,3,Loyal Actives,3,4,4,344,True
484,3,Loyal Actives,3,4,4,344,True
485,0,Champions,4,4,4,444,True
486,2,Declining,2,2,2,222,False
487,1,Truly Lapsed,1,1,1,111,False
488,2,Declining,3,1,1,311,False
489,0,Champions,5,5,5,555,True
490,3,Loyal Actives,3,3,4,334,True
491,0,Champions,3,4,4,344,True
492,0,Champions,2,4,5,245,True
493,3,Loyal Actives,5,5,5,555,True
495,3,Loyal Actives,3,3,4,334,False
496,1,Truly Lapsed,1,1,1,111,False
497,2,Declining,3,2,1,321,False
498,2,Declining,2,3,2,232,False
499,1,Truly Lapsed,1,1,1,111,False
500,1,Truly Lapsed,1,1,1,111,False
501,2,Declining,2,1,2,212,False
502,2,Declining,2,2,3,223,False
503,3,Loyal Actives,5,4,4,544,False
504,2,Declining,1,1,2,112,False
505,1,Truly Lapsed,3,1,1,311,False
506,2,Declining,2,2,2,222,False
507,2,Declining,2,2,2,222,False
508,2,Declining,2,2,2,222,False
509,2,Declining,1,1,1,111,False
510,0,Champions,5,5,5,555,True
511,0,Champions,5,5,5,555,False
513,3,Loyal Actives,3,4,5,345,True
514,3,Loyal Actives,5,3,3,533,False
515,3,Loyal Actives,4,3,3,433,False
516,2,Declining,1,1,1,111,False
517,3,Loyal Actives,4,4,4,444,False
518,3,Loyal Actives,5,5,5,555,True
519,2,Declining,2,1,1,211,False
520,3,Loyal Actives,3,3,3,333,False
521,3,Loyal Actives,3,2,2,322,False
523,0,Champions,4,5,5,455,True
524,2,Declining,2,2,2,222,False
525,2,Declining,5,2,1,521,False
526,0,Champions,4,5,4,454,True
527,3,Loyal Actives,3,4,4,344,True
528,2,Declining,3,1,1,311,False
529,1,Truly Lapsed,1,2,2,122,False
530,2,Declining,2,2,2,222,False
531,2,Declining,1,2,2,122,False
532,2,Declining,5,1,1,511,False
533,3,Loyal Actives,2,3,3,233,False
534,3,Loyal Actives,5,5,2,552,True
535,2,Declining,2,2,3,223,False
536,3,Loyal Actives,4,3,2,432,False
537,2,Declining,3,2,2,322,False
538,3,Loyal Actives,3,3,4,334,False
539,0,Champions,4,3,3,433,False
540,3,Loyal Actives,4,4,4,444,True
541,2,Declining,2,3,3,233,False
542,3,Loyal Actives,4,4,3,443,True
543,3,Loyal Actives,4,4,4,444,True
544,3,Loyal Actives,2,4,3,243,False
545,3,Loyal Actives,4,3,3,433,False
546,0,Champions,2,4,4,244,True
547,2,Declining,1,2,2,122,False
548,3,Loyal Actives,4,3,4,434,True
549,2,Declining,2,2,2,222,False
550,2,Declining,2,1,1,211,False
551,2,Declining,2,2,2,222,False
552,2,Declining,2,2,3,223,False
553,3,Loyal Actives,5,5,5,555,True
554,2,Declining,3,1,2,312,False
555,2,Declining,1,1,1,111,False
556,1,Truly Lapsed,1,1,1,111,False
557,2,Declining,1,2,2,122,False
558,3,Loyal Actives,1,4,3,143,False
559,1,Truly Lapsed,1,1,1,111,False
560,3,Loyal Actives,5,5,5,555,True
561,2,Declining,4,2,3,423,False
562,3,Loyal Actives,3,3,4,334,False
563,0,Champions,1,3,3,133,False
564,3,Loyal Actives,5,3,2,532,False
565,2,Declining,1,1,1,111,False
566,1,Truly Lapsed,1,2,2,122,False
567,3,Loyal Actives,4,5,4,454,True
568,3,Loyal Actives,5,5,5,555,False
569,3,Loyal Actives,1,3,4,134,True
570,2,Declining,2,2,2,222,False
571,2,Declining,1,1,2,112,False
572,1,Truly Lapsed,1,1,1,111,False
573,0,Champions,2,4,4,244,False
574,3,Loyal Actives,4,4,5,445,True
575,3,Loyal Actives,5,5,5,555,True
576,3,Loyal Actives,2,4,4,244,True
577,3,Loyal Actives,4,2,4,424,False
578,3,Loyal Actives,5,4,4,544,True
579,0,Champions,3,1,1,311,False
580,2,Declining,4,3,2,432,False
581,3,Loyal Actives,5,5,5,555,False
582,3,Loyal Actives,4,4,4,444,True
583,3,Loyal Actives,2,5,4,254,True
584,2,Declining,1,2,1,121,False
585,2,Declining,2,2,2,222,False
586,3,Loyal Actives,5,5,5,555,True
587,2,Declining,2,2,1,221,False
588,0,Champions,4,5,5,455,True
589,2,Declining,1,1,1,111,False
590,2,Declining,3,2,2,322,False
591,3,Loyal Actives,5,5,5,555,False
592,2,Declining,3,2,2,322,False
593,3,Loyal Actives,3,3,2,332,True
594,2,Declining,3,3,3,333,False
595,3,Loyal Actives,3,4,3,343,True
596,3,Loyal Actives,3,4,4,344,True
597,3,Loyal Actives,2,3,4,234,True
598,3,Loyal Actives,4,5,4,454,True
599,1,Truly Lapsed,3,1,1,311,False
600,0,Champions,5,5,5,555,False
601,0,Champions,2,3,5,235,True
602,0,Champions,4,3,4,434,False
603,0,Champions,4,3,2,432,False
604,3,Loyal Actives,3,2,3,323,False
605,0,Champions,3,4,5,345,True
606,3,Loyal Actives,5,3,4,534,True
607,2,Declining,1,3,2,132,True
608,3,Loyal Actives,3,5,5,355,True
609,3,Loyal Actives,2,5,3,253,True
610,1,Truly Lapsed,1,1,1,111,False
611,0,Champions,3,3,3,333,False
612,3,Loyal Actives,5,4,4,544,False
613,1,Truly Lapsed,1,1,1,111,False
614,3,Loyal Actives,4,4,4,444,True
615,0,Champions,2,1,1,211,False
616,1,Truly Lapsed,1,1,1,111,False
617,2,Declining,2,1,2,212,False
618,0,Champions,4,5,5,455,False
619,1,Truly Lapsed,1,1,1,111,False
620,1,Truly Lapsed,1,1,1,111,False
621,3,Loyal Actives,4,4,4,444,True
622,3,Loyal Actives,5,5,4,554,True
623,3,Loyal Actives,2,4,4,244,True
624,0,Champions,4,4,5,445,True
625,2,Declining,2,2,2,222,False
626,2,Declining,1,2,2,122,False
627,2,Declining,3,2,3,323,False
628,2,Declining,2,1,2,212,False
629,2,Declining,2,1,1,211,False
630,0,Champions,4,4,5,445,True
631,0,Champions,5,5,5,555,True
632,2,Declining,1,3,3,133,False
633,3,Loyal Actives,3,4,4,344,False
634,1,Truly Lapsed,1,2,3,123,False
635,2,Declining,2,1,1,211,False
636,3,Loyal Actives,4,5,5,455,False
637,3,Loyal Actives,4,4,4,444,False
638,0,Champions,5,5,5,555,False
639,2,Declining,1,4,2,142,False
640,1,Truly Lapsed,1,2,2,122,False
641,3,Loyal Actives,5,5,5,555,False
642,2,Declining,1,2,3,123,False
643,2,Declining,1,2,2,122,False
644,3,Loyal Actives,4,5,4,454,True
645,2,Declining,1,2,1,121,False
646,2,Declining,1,2,2,122,False
647,0,Champions,3,4,5,345,True
648,3,Loyal Actives,4,3,3,433,False
649,2,Declining,1,2,2,122,False
650,3,Loyal Actives,3,2,2,322,False
651,1,Truly Lapsed,1,1,1,111,False
652,2,Declining,3,2,2,322,False
653,0,Champions,3,5,5,355,False
654,3,Loyal Actives,5,4,3,543,False
655,3,Loyal Actives,5,2,3,523,False
656,3,Loyal Actives,2,4,5,245,False
657,2,Declining,1,1,1,111,False
658,3,Loyal Actives,4,2,2,422,False
659,2,Declining,3,1,2,312,False
660,3,Loyal Actives,5,5,5,555,True
661,3,Loyal Actives,5,5,5,555,True
662,2,Declining,2,2,2,222,False
663,3,Loyal Actives,5,4,4,544,False
664,3,Loyal Actives,5,2,2,522,False
665,2,Declining,2,1,1,211,False
666,3,Loyal Actives,2,4,2,242,False
667,0,Champions,3,3,2,332,False
668,2,Declining,3,2,2,322,False
669,3,Loyal Actives,2,4,5,245,False
670,3,Loyal Actives,4,5,5,455,True
671,0,Champions,5,4,4,544,True
672,3,Loyal Actives,4,3,3,433,True
673,3,Loyal Actives,3,2,2,322,False
674,3,Loyal Actives,3,4,5,345,False
675,0,Champions,5,5,4,554,True
676,3,Loyal Actives,4,5,5,455,False
677,2,Declining,1,2,2,122,False
678,0,Champions,1,2,1,121,False
679,3,Loyal Actives,5,5,5,555,False
680,3,Loyal Actives,4,4,4,444,True
681,3,Loyal Actives,3,2,3,323,False
682,0,Champions,1,5,4,154,True
683,1,Truly Lapsed,1,1,1,111,False
684,3,Loyal Actives,2,4,3,243,False
685,3,Loyal Actives,5,5,5,555,True
686,2,Declining,1,1,2,112,False
687,3,Loyal Actives,3,3,4,334,False
688,2,Declining,2,2,4,224,True
689,1,Truly Lapsed,1,1,1,111,False
690,3,Loyal Actives,5,5,4,554,True
691,2,Declining,2,2,3,223,False
692,0,Champions,3,4,4,344,True
693,3,Loyal Actives,3,5,5,355,True
694,2,Declining,4,2,1,421,False
695,0,Champions,5,5,5,555,True
696,0,Champions,4,5,5,455,True
697,0,Champions,1,3,3,133,False
698,3,Loyal Actives,3,3,2,332,False
699,0,Champions,2,4,5,245,True
700,3,Loyal Actives,5,2,4,524,False
701,3,Loyal Actives,4,2,4,424,False
702,0,Champions,4,5,5,455,False
703,0,Champions,2,5,5,255,False
704,1,Truly Lapsed,1,1,1,111,False
705,3,Loyal Actives,4,4,2,442,False
706,3,Loyal Actives,4,4,4,444,True
707,0,Champions,4,5,5,455,True
708,3,Loyal Actives,2,3,3,233,True
709,3,Loyal Actives,3,4,4,344,False
710,3,Loyal Actives,5,5,4,554,False
711,2,Declining,5,2,1,521,False
712,3,Loyal Actives,4,5,5,455,True
713,2,Declining,2,1,1,211,False
714,3,Loyal Actives,4,5,4,454,True
715,3,Loyal Actives,4,5,4,454,True
716,3,Loyal Actives,2,3,2,232,True
717,0,Champions,2,2,1,221,False
718,0,Champions,4,5,5,455,True
719,2,Declining,3,1,1,311,False
720,3,Loyal Actives,4,3,3,433,False
721,2,Declining,2,2,1,221,False
722,3,Loyal Actives,5,4,5,545,True
723,2,Declining,4,2,3,423,False
724,1,Truly Lapsed,2,1,1,211,False
725,3,Loyal Actives,5,4,5,545,True
726,3,Loyal Actives,5,3,3,533,False
727,3,Loyal Actives,2,3,4,234,False
728,0,Champions,5,5,5,555,False
729,2,Declining,2,1,2,212,False
730,3,Loyal Actives,5,3,2,532,False
731,0,Champions,3,5,4,354,True
732,3,Loyal Actives,4,4,4,444,True
733,3,Loyal Actives,2,3,3,233,True
734,2,Declining,2,3,3,233,False
735,2,Declining,3,3,2,332,False
736,3,Loyal Actives,3,3,4,334,False
737,3,Loyal Actives,5,2,2,522,False
738,2,Declining,1,3,3,133,False
740,3,Loyal Actives,3,4,5,345,True
741,3,Loyal Actives,5,4,4,544,True
742,3,Loyal Actives,3,5,4,354,True
743,3,Loyal Actives,4,3,3,433,False
744,0,Champions,5,5,5,555,False
745,3,Loyal Actives,4,5,5,455,False
746,0,Champions,1,1,1,111,False
747,3,Loyal Actives,5,4,2,542,False
748,1,Truly Lapsed,1,3,3,133,True
749,2,Declining,1,3,2,132,False
750,2,Declining,3,2,2,322,False
751,2,Declining,3,1,1,311,False
752,0,Champions,2,3,4,234,True
753,3,Loyal Actives,5,2,3,523,True
754,2,Declining,1,2,2,122,False
755,0,Champions,3,5,5,355,True
756,2,Declining,3,1,1,311,False
757,2,Declining,2,2,3,223,False
758,2,Declining,2,1,1,211,False
759,2,Declining,5,1,2,512,False
760,2,Declining,1,3,3,133,False
761,3,Loyal Actives,5,5,5,555,True
762,3,Loyal Actives,5,5,5,555,True
763,2,Declining,1,1,3,113,False
764,0,Champions,4,4,4,444,True
765,0,Champions,3,1,2,312,False
766,3,Loyal Actives,3,4,5,345,True
767,2,Declining,2,1,1,211,False
768,0,Champions,5,5,5,555,True
769,3,Loyal Actives,4,2,2,422,False
770,3,Loyal Actives,4,3,3,433,True
771,3,Loyal Actives,5,5,5,555,True
772,2,Declining,1,2,1,121,False
773,2,Declining,1,1,2,112,False
774,2,Declining,3,1,2,312,False
775,1,Truly Lapsed,1,1,2,112,False
776,3,Loyal Actives,3,3,3,333,False
777,1,Truly Lapsed,2,2,4,224,False
778,2,Declining,1,2,2,122,False
779,3,Loyal Actives,3,3,4,334,True
780,1,Truly Lapsed,1,2,1,121,False
781,3,Loyal Actives,4,3,3,433,False
782,3,Loyal Actives,3,3,3,333,False
783,2,Declining,1,1,1,111,False
784,0,Champions,4,4,3,443,True
785,3,Loyal Actives,5,3,2,532,True
786,3,Loyal Actives,3,4,5,345,True
787,3,Loyal Actives,3,5,3,353,True
788,3,Loyal Actives,5,5,5,555,True
789,1,Truly Lapsed,3,1,1,311,False
790,3,Loyal Actives,3,3,4,334,True
791,1,Truly Lapsed,1,1,1,111,False
792,1,Truly Lapsed,3,1,1,311,False
793,3,Loyal Actives,5,4,3,543,False
794,2,Declining,2,2,3,223,False
795,2,Declining,2,1,2,212,False
796,2,Declining,2,2,1,221,False
797,3,Loyal Actives,3,4,4,344,True
798,3,Loyal Actives,3,3,3,333,False
799,0,Champions,2,3,3,233,False
800,3,Loyal Actives,4,5,5,455,True
801,2,Declining,2,2,2,222,False
802,3,Loyal Actives,4,2,3,423,True
803,3,Loyal Actives,4,3,3,433,True
804,3,Loyal Actives,4,5,3,453,False
805,3,Loyal Actives,5,5,4,554,False
806,3,Loyal Actives,3,4,5,345,True
807,3,Loyal Actives,5,4,4,544,False
808,3,Loyal Actives,4,5,3,453,True
809,3,Loyal Actives,5,3,2,532,False
810,2,Declining,1,2,1,121,False
811,3,Loyal Actives,5,2,2,522,False
812,2,Declining,3,2,2,322,False
813,2,Declining,1,1,3,113,False
814,1,Truly Lapsed,3,1,1,311,False
815,1,Truly Lapsed,1,1,2,112,False
816,3,Loyal Actives,4,3,3,433,True
817,3,Loyal Actives,5,5,4,554,True
818,0,Champions,1,2,3,123,False
819,1,Truly Lapsed,1,1,1,111,False
820,3,Loyal Actives,3,4,3,343,False
821,2,Declining,1,1,1,111,False
822,2,Declining,2,1,1,211,False
823,3,Loyal Actives,5,4,3,543,True
824,3,Loyal Actives,3,2,2,322,False
825,3,Loyal Actives,2,5,5,255,True
826,2,Declining,4,1,1,411,False
827,2,Declining,1,1,1,111,False
828,1,Truly Lapsed,1,2,2,122,False
829,2,Declining,2,2,3,223,False
830,2,Declining,1,3,2,132,False
831,3,Loyal Actives,5,5,5,555,True
832,1,Truly Lapsed,1,1,1,111,False
833,2,Declining,1,2,3,123,False
834,2,Declining,1,1,1,111,False
835,2,Declining,1,1,1,111,False
836,2,Declining,2,3,3,233,False
837,2,Declining,2,2,2,222,False
838,2,Declining,4,2,1,421,False
839,2,Declining,3,1,2,312,False
840,3,Loyal Actives,5,5,5,555,True
841,3,Loyal Actives,4,5,3,453,False
842,0,Champions,3,5,5,355,False
843,3,Loyal Actives,2,3,4,234,False
844,3,Loyal Actives,2,4,4,244,True
845,3,Loyal Actives,5,4,5,545,True
846,2,Declining,3,2,2,322,False
847,3,Loyal Actives,3,3,3,333,False
848,2,Declining,2,2,4,224,False
849,3,Loyal Actives,2,3,4,234,False
850,3,Loyal Actives,2,3,2,232,False
851,1,Truly Lapsed,1,1,1,111,False
852,3,Loyal Actives,5,4,3,543,True
853,3,Loyal Actives,2,5,5,255,True
854,2,Declining,1,1,1,111,False
855,3,Loyal Actives,4,5,4,454,False
856,0,Champions,3,5,5,355,True
857,3,Loyal Actives,2,2,4,224,True
858,2,Declining,3,2,1,321,False
859,3,Loyal Actives,3,4,5,345,True
860,1,Truly Lapsed,2,1,1,211,False
861,2,Declining,1,1,2,112,False
862,3,Loyal Actives,2,4,3,243,False
863,0,Champions,4,5,3,453,True
864,3,Loyal Actives,5,4,5,545,True
865,2,Declining,3,2,3,323,True
866,0,Champions,5,4,5,545,True
867,0,Champions,4,4,5,445,True
868,0,Champions,4,5,5,455,True
869,3,Loyal Actives,4,4,2,442,False
871,3,Loyal Actives,3,4,5,345,True
873,0,Champions,3,4,4,344,False
874,1,Truly Lapsed,1,1,1,111,False
875,3,Loyal Actives,2,3,2,232,True
876,0,Champions,4,5,5,455,False
877,3,Loyal Actives,2,3,4,234,False
878,3,Loyal Actives,5,5,5,555,True
879,0,Champions,5,4,4,544,True
880,1,Truly Lapsed,1,1,1,111,False
881,3,Loyal Actives,1,4,4,144,False
882,3,Loyal Actives,5,5,3,553,True
883,3,Loyal Actives,2,5,5,255,True
884,2,Declining,1,1,1,111,False
885,3,Loyal Actives,4,3,3,433,False
886,0,Champions,5,5,4,554,True
887,2,Declining,1,2,1,121,False
888,3,Loyal Actives,3,3,5,335,True
889,0,Champions,5,5,5,555,True
890,2,Declining,1,1,1,111,False
891,3,Loyal Actives,3,4,5,345,False
892,2,Declining,1,1,1,111,False
893,3,Loyal Actives,4,4,5,445,False
894,1,Truly Lapsed,2,1,2,212,False
895,3,Loyal Actives,4,5,5,455,True
896,3,Loyal Actives,2,4,4,244,False
897,3,Loyal Actives,3,3,2,332,False
898,0,Champions,3,5,5,355,True
899,2,Declining,2,1,1,211,False
900,0,Champions,5,5,5,555,True
901,3,Loyal Actives,3,3,3,333,False
902,2,Declining,1,1,1,111,False
903,3,Loyal Actives,3,3,4,334,True
904,2,Declining,4,2,2,422,False
905,0,Champions,4,1,1,411,False
906,3,Loyal Actives,2,5,5,255,True
907,3,Loyal Actives,4,3,3,433,False
908,3,Loyal Actives,3,5,5,355,True
909,0,Champions,3,5,5,355,False
910,1,Truly Lapsed,3,1,2,312,False
911,3,Loyal Actives,4,3,4,434,True
912,2,Declining,1,1,2,112,False
913,3,Loyal Actives,2,3,2,232,False
914,3,Loyal Actives,4,3,3,433,True
915,3,Loyal Actives,4,4,2,442,True
916,3,Loyal Actives,4,5,4,454,False
917,1,Truly Lapsed,1,1,1,111,False
918,2,Declining,1,2,2,122,False
919,3,Loyal Actives,4,4,2,442,False
920,3,Loyal Actives,5,5,5,555,True
921,1,Truly Lapsed,1,1,1,111,False
922,0,Champions,3,4,4,344,True
923,0,Champions,5,4,4,544,False
924,3,Loyal Actives,3,3,3,333,False
925,2,Declining,3,3,1,331,False
926,0,Champions,3,5,5,355,True
927,3,Loyal Actives,4,3,3,433,False
928,3,Loyal Actives,5,4,3,543,False
929,3,Loyal Actives,4,5,5,455,True
930,2,Declining,1,2,2,122,False
931,3,Loyal Actives,2,2,4,224,False
932,3,Loyal Actives,3,4,5,345,True
933,3,Loyal Actives,2,4,4,244,False
934,3,Loyal Actives,5,5,5,555,True
935,0,Champions,3,2,2,322,False
936,3,Loyal Actives,5,5,5,555,False
937,3,Loyal Actives,4,3,3,433,False
938,2,Declining,3,1,2,312,False
939,3,Loyal Actives,3,4,4,344,True
940,3,Loyal Actives,3,3,2,332,False
941,3,Loyal Actives,5,4,3,543,True
942,3,Loyal Actives,2,5,5,255,False
943,0,Champions,5,5,4,554,False
944,0,Champions,2,4,3,243,False
945,3,Loyal Actives,3,3,3,333,False
946,3,Loyal Actives,5,4,3,543,True
947,3,Loyal Actives,4,5,3,453,True
949,0,Champions,5,4,5,545,True
950,2,Declining,1,3,3,133,False
951,1,Truly Lapsed,2,1,1,211,False
952,3,Loyal Actives,3,4,3,343,False
953,3,Loyal Actives,4,4,3,443,False
954,3,Loyal Actives,3,2,3,323,False
955,3,Loyal Actives,4,5,4,454,True
956,0,Champions,3,5,5,355,True
957,3,Loyal Actives,4,5,4,454,False
958,1,Truly Lapsed,1,1,1,111,False
959,0,Champions,4,3,3,433,False
960,3,Loyal Actives,2,3,3,233,True
961,3,Loyal Actives,1,3,4,134,False
962,3,Loyal Actives,3,3,3,333,False
963,0,Champions,1,2,3,123,False
964,3,Loyal Actives,3,3,3,333,False
965,2,Declining,1,2,3,123,False
966,2,Declining,1,1,1,111,False
968,3,Loyal Actives,4,4,5,445,True
969,1,Truly Lapsed,1,1,1,111,False
970,0,Champions,2,1,2,212,False
971,3,Loyal Actives,3,4,4,344,True
972,3,Loyal Actives,4,5,3,453,False
973,3,Loyal Actives,3,3,5,335,True
974,2,Declining,1,2,2,122,False
975,3,Loyal Actives,2,5,5,255,False
976,3,Loyal Actives,4,3,5,435,True
977,3,Loyal Actives,5,2,2,522,False
978,3,Loyal Actives,5,3,3,533,False
979,3,Loyal Actives,4,5,5,455,True
980,3,Loyal Actives,5,2,3,523,False
981,2,Declining,5,2,2,522,True
982,0,Champions,5,5,5,555,True
983,3,Loyal Actives,4,5,4,454,True
984,3,Loyal Actives,3,2,2,322,False
985,3,Loyal Actives,3,4,3,343,False
986,3,Loyal Actives,3,3,3,333,True
987,3,Loyal Actives,4,3,3,433,False
988,0,Champions,2,4,4,244,False
989,3,Loyal Actives,5,5,4,554,False
990,0,Champions,1,1,1,111,False
991,2,Declining,1,2,3,123,False
992,3,Loyal Actives,3,4,2,342,True
993,3,Loyal Actives,4,4,4,444,True
994,2,Declining,4,1,2,412,False
995,1,Truly Lapsed,1,1,2,112,False
996,3,Loyal Actives,5,4,3,543,True
997,3,Loyal Actives,2,3,4,234,True
998,3,Loyal Actives,3,5,5,355,False
999,2,Declining,2,2,3,223,False
1000,3,Loyal Actives,5,4,4,544,False
1001,3,Loyal Actives,4,3,4,434,True
1002,2,Declining,4,2,2,422,False
1003,2,Declining,1,2,3,123,True
1004,0,Champions,4,5,4,454,True
1005,3,Loyal Actives,2,5,4,254,False
1006,0,Champions,2,1,1,211,False
1007,3,Loyal Actives,2,4,2,242,False
1008,0,Champions,2,2,2,222,False
1009,2,Declining,1,1,1,111,False
1010,0,Champions,3,4,4,344,False
1011,0,Champions,3,4,4,344,False
1012,3,Loyal Actives,1,4,3,143,True
1013,2,Declining,1,1,1,111,False
1014,3,Loyal Actives,4,5,4,454,True
1015,3,Loyal Actives,3,3,4,334,True
1016,3,Loyal Actives,2,2,4,224,False
1017,3,Loyal Actives,5,3,4,534,False
1018,3,Loyal Actives,3,4,3,343,True
1019,3,Loyal Actives,4,2,2,422,False
1020,3,Loyal Actives,5,5,5,555,True
1021,3,Loyal Actives,4,3,2,432,True
1022,2,Declining,1,1,1,111,False
1023,3,Loyal Actives,3,5,5,355,False
1024,3,Loyal Actives,2,4,5,245,True
1025,3,Loyal Actives,2,4,4,244,False
1026,1,Truly Lapsed,1,1,1,111,False
1027,2,Declining,1,2,2,122,False
1028,2,Declining,1,1,1,111,False
1029,0,Champions,5,5,5,555,False
1030,2,Declining,3,1,2,312,False
1031,1,Truly Lapsed,1,4,4,144,True
1032,3,Loyal Actives,2,4,4,244,False
1033,2,Declining,2,1,2,212,False
1034,2,Declining,3,2,1,321,False
1036,2,Declining,3,1,1,311,False
1037,2,Declining,2,2,2,222,False
1038,3,Loyal Actives,1,5,2,152,True
1039,3,Loyal Actives,4,3,4,434,False
1040,3,Loyal Actives,2,5,5,255,True
1041,3,Loyal Actives,5,5,5,555,True
1042,3,Loyal Actives,4,5,4,454,True
1043,2,Declining,1,1,2,112,False
1044,2,Declining,2,1,1,211,False
1045,0,Champions,5,5,4,554,True
1046,3,Loyal Actives,4,5,4,454,False
1047,3,Loyal Actives,5,3,2,532,False
1048,0,Champions,4,4,3,443,False
1049,2,Declining,2,3,2,232,False
1050,0,Champions,4,4,5,445,False
1051,2,Declining,1,2,2,122,False
1053,3,Loyal Actives,3,4,5,345,True
1054,3,Loyal Actives,5,2,2,522,False
1055,3,Loyal Actives,3,3,2,332,False
1056,3,Loyal Actives,4,3,4,434,False
1057,3,Loyal Actives,4,5,5,455,True
1058,3,Loyal Actives,3,5,4,354,False
1059,1,Truly Lapsed,1,1,1,111,False
1060,3,Loyal Actives,3,2,5,325,True
1061,3,Loyal Actives,5,4,5,545,False
1062,3,Loyal Actives,5,5,2,552,True
1063,2,Declining,1,1,1,111,False
1064,3,Loyal Actives,3,2,4,324,False
1065,3,Loyal Actives,2,2,4,224,False
1066,3,Loyal Actives,4,5,4,454,True
1067,3,Loyal Actives,2,3,4,234,False
1068,2,Declining,3,2,2,322,False
1069,3,Loyal Actives,5,3,4,534,True
1070,0,Champions,3,4,4,344,True
1071,3,Loyal Actives,4,3,3,433,False
1072,3,Loyal Actives,4,3,4,434,False
1073,3,Loyal Actives,5,4,4,544,False
1074,3,Loyal Actives,3,4,5,345,True
1075,3,Loyal Actives,5,3,2,532,False
1076,3,Loyal Actives,5,3,3,533,True
1077,1,Truly Lapsed,3,2,3,323,False
1078,0,Champions,2,5,5,255,False
1079,2,Declining,1,1,1,111,False
1080,3,Loyal Actives,5,3,2,532,False
1081,3,Loyal Actives,4,4,5,445,True
1082,3,Loyal Actives,4,4,3,443,True
1083,3,Loyal Actives,5,3,3,533,False
1084,3,Loyal Actives,5,5,3,553,True
1085,0,Champions,3,4,5,345,False
1086,3,Loyal Actives,4,2,2,422,False
1087,0,Champions,2,4,4,244,False
1088,3,Loyal Actives,5,3,2,532,False
1089,0,Champions,4,3,2,432,False
1090,2,Declining,2,1,1,211,False
1091,0,Champions,2,3,4,234,True
1092,2,Declining,2,2,2,222,False
1093,2,Declining,1,1,1,111,False
1094,3,Loyal Actives,2,4,5,245,True
1095,2,Declining,3,2,1,321,False
1096,2,Declining,1,1,1,111,False
1097,3,Loyal Actives,3,4,5,345,False
1098,0,Champions,5,5,5,555,False
1099,2,Declining,5,1,1,511,False
1100,0,Champions,2,1,1,211,False
1101,2,Declining,3,1,1,311,False
1102,3,Loyal Actives,3,3,3,333,False
1103,0,Champions,3,5,5,355,True
1104,3,Loyal Actives,3,4,4,344,False
1106,2,Declining,3,2,2,322,False
1107,2,Declining,5,1,2,512,False
1108,2,Declining,1,1,1,111,False
1109,3,Loyal Actives,5,3,4,534,False
1110,3,Loyal Actives,5,5,5,555,False
1111,3,Loyal Actives,3,5,5,355,False
1112,0,Champions,2,2,3,223,False
1113,3,Loyal Actives,4,4,4,444,True
1114,2,Declining,1,2,2,122,False
1115,0,Champions,1,2,2,122,False
1116,2,Declining,1,2,2,122,False
1117,0,Champions,2,4,4,244,False
1118,2,Declining,1,1,2,112,False
1119,3,Loyal Actives,4,3,3,433,False
1120,3,Loyal Actives,1,3,2,132,True
1121,3,Loyal Actives,2,2,3,223,False
1122,1,Truly Lapsed,1,2,2,122,False
1123,3,Loyal Actives,2,3,4,234,True
1124,3,Loyal Actives,1,3,3,133,False
1125,3,Loyal Actives,4,4,2,442,False
1126,2,Declining,1,1,3,113,False
1127,2,Declining,2,2,3,223,False
1128,3,Loyal Actives,4,5,3,453,True
1129,3,Loyal Actives,5,3,3,533,False
1130,3,Loyal Actives,5,5,4,554,True
1131,3,Loyal Actives,5,4,4,544,True
1132,2,Declining,2,2,3,223,False
1133,3,Loyal Actives,5,4,3,543,False
1134,3,Loyal Actives,2,3,5,235,False
1135,2,Declining,2,2,1,221,True
1136,3,Loyal Actives,3,3,2,332,False
1137,3,Loyal Actives,4,4,3,443,True
1138,3,Loyal Actives,4,5,4,454,True
1139,3,Loyal Actives,1,3,5,135,False
1140,1,Truly Lapsed,2,2,3,223,False
1141,3,Loyal Actives,2,3,2,232,False
1142,3,Loyal Actives,5,5,5,555,True
1143,2,Declining,2,1,1,211,False
1144,1,Truly Lapsed,1,1,1,111,False
1145,3,Loyal Actives,1,3,4,134,False
1146,0,Champions,5,5,5,555,True
1147,2,Declining,2,2,4,224,True
1148,0,Champions,2,2,1,221,False
1149,2,Declining,3,1,1,311,False
1150,1,Truly Lapsed,1,1,2,112,False
1151,3,Loyal Actives,5,5,4,554,True
1152,2,Declining,5,2,2,522,False
1153,2,Declining,1,2,2,122,False
1154,3,Loyal Actives,4,4,4,444,True
1155,3,Loyal Actives,4,2,3,423,False
1156,2,Declining,2,2,2,222,False
1157,3,Loyal Actives,4,4,3,443,False
1158,0,Champions,5,5,4,554,True
1159,3,Loyal Actives,5,4,3,543,True
1160,3,Loyal Actives,5,4,4,544,True
1161,2,Declining,2,2,2,222,False
1162,0,Champions,1,1,1,111,False
1163,0,Champions,3,4,4,344,True
1164,3,Loyal Actives,4,4,4,444,True
1165,3,Loyal Actives,4,2,2,422,False
1166,0,Champions,4,5,5,455,True
1167,3,Loyal Actives,3,4,5,345,True
1168,2,Declining,3,3,2,332,False
1169,3,Loyal Actives,4,4,4,444,True
1170,2,Declining,5,1,1,511,False
1171,2,Declining,2,2,2,222,False
1172,3,Loyal Actives,5,5,5,555,True
1173,1,Truly Lapsed,2,2,2,222,False
1174,3,Loyal Actives,5,4,3,543,True
1175,0,Champions,2,4,5,245,True
1177,2,Declining,5,1,1,511,False
1178,3,Loyal Actives,5,5,4,554,True
1179,0,Champions,4,5,5,455,True
1180,0,Champions,4,5,5,455,False
1181,3,Loyal Actives,3,3,3,333,False
1182,3,Loyal Actives,3,3,2,332,False
1185,3,Loyal Actives,4,2,2,422,False
1186,3,Loyal Actives,3,3,5,335,True
1187,3,Loyal Actives,5,5,4,554,False
1188,3,Loyal Actives,5,4,4,544,True
1189,2,Declining,4,2,2,422,False
1190,0,Champions,5,5,4,554,True
1191,3,Loyal Actives,2,4,3,243,False
1192,3,Loyal Actives,5,3,2,532,False
1193,3,Loyal Actives,4,4,3,443,False
1194,2,Declining,2,2,2,222,False
1195,2,Declining,1,1,2,112,False
1196,2,Declining,2,1,3,213,False
1197,0,Champions,5,5,5,555,True
1198,2,Declining,3,2,2,322,False
1200,2,Declining,1,2,3,123,False
1201,3,Loyal Actives,5,2,1,521,False
1202,2,Declining,3,1,1,311,False
1203,3,Loyal Actives,4,5,5,455,False
1204,3,Loyal Actives,2,3,3,233,False
1205,3,Loyal Actives,2,4,4,244,False
1206,3,Loyal Actives,5,5,4,554,False
1207,3,Loyal Actives,3,3,2,332,False
1208,3,Loyal Actives,4,3,2,432,False
1209,2,Declining,2,1,1,211,False
1210,2,Declining,2,2,2,222,False
1211,3,Loyal Actives,5,4,5,545,False
1213,2,Declining,5,1,1,511,False
1214,1,Truly Lapsed,1,1,1,111,False
1215,2,Declining,4,1,1,411,False
1216,3,Loyal Actives,4,4,5,445,False
1217,3,Loyal Actives,4,2,3,423,False
1218,3,Loyal Actives,4,4,4,444,True
1219,3,Loyal Actives,3,4,2,342,True
1220,2,Declining,2,2,1,221,False
1221,2,Declining,3,1,1,311,False
1222,3,Loyal Actives,4,5,5,455,True
1223,2,Declining,2,2,3,223,False
1224,3,Loyal Actives,4,3,3,433,False
1225,3,Loyal Actives,5,3,2,532,False
1226,3,Loyal Actives,4,3,5,435,True
1227,3,Loyal Actives,2,4,4,244,False
1228,0,Champions,5,5,5,555,True
1229,0,Champions,5,5,5,555,True
1230,2,Declining,1,1,1,111,False
1231,3,Loyal Actives,2,3,3,233,False
1232,2,Declining,1,1,2,112,False
1233,0,Champions,1,1,2,112,False
1234,3,Loyal Actives,4,4,5,445,True
1235,2,Declining,1,1,2,112,False
1236,3,Loyal Actives,5,5,4,554,True
1237,1,Truly Lapsed,1,1,2,112,False
1238,2,Declining,1,1,3,113,False
1239,2,Declining,1,1,2,112,False
1240,3,Loyal Actives,5,5,5,555,True
1241,3,Loyal Actives,4,3,2,432,False
1242,2,Declining,1,1,1,111,False
1243,2,Declining,1,1,1,111,False
1244,3,Loyal Actives,5,2,2,522,False
1245,0,Champions,4,5,4,454,False
1246,3,Loyal Actives,4,3,4,434,False
1247,3,Loyal Actives,3,4,5,345,True
1248,3,Loyal Actives,2,4,5,245,True
1249,2,Declining,2,1,1,211,False
1250,1,Truly Lapsed,3,1,1,311,False
1251,2,Declining,1,2,1,121,False
1252,3,Loyal Actives,5,2,2,522,False
1253,1,Truly Lapsed,1,1,1,111,False
1254,1,Truly Lapsed,2,1,1,211,False
1255,2,Declining,2,1,1,211,False
1256,3,Loyal Actives,3,4,4,344,True
1257,2,Declining,2,2,3,223,True
1258,3,Loyal Actives,4,5,4,454,True
1259,2,Declining,3,2,2,322,False
1260,3,Loyal Actives,3,4,5,345,True
1261,3,Loyal Actives,4,5,4,454,True
1262,1,Truly Lapsed,1,1,1,111,False
1263,3,Loyal Actives,2,4,4,244,True
1264,3,Loyal Actives,4,4,5,445,True
1265,3,Loyal Actives,2,3,3,233,False
1266,3,Loyal Actives,5,4,3,543,False
1267,3,Loyal Actives,3,3,3,333,True
1268,3,Loyal Actives,3,3,3,333,True
1269,3,Loyal Actives,4,4,3,443,False
1270,3,Loyal Actives,1,3,4,134,True
1271,3,Loyal Actives,5,4,4,544,False
1272,3,Loyal Actives,4,5,5,455,True
1273,1,Truly Lapsed,2,1,1,211,False
1274,3,Loyal Actives,4,5,5,455,False
1275,1,Truly Lapsed,1,1,1,111,False
1276,2,Declining,3,1,1,311,False
1277,3,Loyal Actives,5,5,5,555,False
1278,2,Declining,2,1,2,212,False
1279,3,Loyal Actives,3,5,5,355,False
1280,1,Truly Lapsed,1,1,1,111,False
1281,3,Loyal Actives,5,2,1,521,False
1282,3,Loyal Actives,3,5,5,355,False
1283,2,Declining,2,3,1,231,False
1284,3,Loyal Actives,5,5,3,553,False
1285,3,Loyal Actives,3,4,5,345,True
1286,2,Declining,1,1,1,111,False
1287,3,Loyal Actives,4,4,3,443,False
1288,3,Loyal Actives,4,2,3,423,False
1289,3,Loyal Actives,5,5,3,553,False
1290,2,Declining,4,2,2,422,False
1291,3,Loyal Actives,3,4,4,344,True
1292,2,Declining,3,1,1,311,False
1293,3,Loyal Actives,4,5,4,454,False
1294,3,Loyal Actives,3,2,5,325,False
1295,3,Loyal Actives,4,3,3,433,False
1296,3,Loyal Actives,4,3,3,433,True
1297,3,Loyal Actives,5,5,4,554,True
1298,3,Loyal Actives,4,3,3,433,False
1299,0,Champions,5,5,5,555,True
1300,0,Champions,4,3,4,434,True
1301,2,Declining,1,3,2,132,False
1302,0,Champions,5,2,2,522,False
1303,0,Champions,5,5,5,555,False
1304,3,Loyal Actives,3,4,2,342,False
1305,0,Champions,3,5,5,355,True
1306,3,Loyal Actives,4,5,4,454,True
1307,3,Loyal Actives,5,4,3,543,False
1308,2,Declining,1,1,1,111,False
1310,2,Declining,2,2,2,222,False
1311,1,Truly Lapsed,1,1,1,111,False
1312,0,Champions,3,4,4,344,False
1313,2,Declining,2,2,2,222,False
1314,0,Champions,5,5,5,555,False
1315,1,Truly Lapsed,1,1,2,112,False
1316,3,Loyal Actives,4,3,4,434,True
1317,3,Loyal Actives,4,5,4,454,False
1318,3,Loyal Actives,4,3,5,435,True
1319,2,Declining,1,2,2,122,False
1320,2,Declining,3,1,1,311,False
1321,3,Loyal Actives,5,5,3,553,True
1322,1,Truly Lapsed,1,1,1,111,False
1323,1,Truly Lapsed,1,1,1,111,False
1324,2,Declining,2,2,3,223,False
1325,3,Loyal Actives,4,3,4,434,False
1326,0,Champions,4,5,5,455,True
1328,3,Loyal Actives,2,4,3,243,False
1329,2,Declining,2,2,3,223,False
1330,3,Loyal Actives,2,3,3,233,False
1331,3,Loyal Actives,4,3,2,432,False
1332,3,Loyal Actives,5,3,3,533,False
1333,3,Loyal Actives,4,4,5,445,True
1334,1,Truly Lapsed,1,2,1,121,False
1335,2,Declining,2,2,2,222,False
1336,3,Loyal Actives,5,4,5,545,False
1337,0,Champions,4,5,5,455,True
1338,0,Champions,4,5,3,453,False
1339,1,Truly Lapsed,1,1,1,111,False
1340,2,Declining,3,3,1,331,False
1341,1,Truly Lapsed,2,1,1,211,False
1342,0,Champions,2,1,1,211,False
1343,1,Truly Lapsed,1,1,1,111,False
1344,2,Declining,1,1,3,113,False
1345,2,Declining,4,2,2,422,False
1346,3,Loyal Actives,3,3,2,332,False
1347,3,Loyal Actives,3,4,4,344,False
1348,2,Declining,2,1,1,211,False
1349,3,Loyal Actives,1,5,5,155,False
1350,3,Loyal Actives,5,3,3,533,False
1351,2,Declining,3,3,1,331,False
1352,0,Champions,4,4,5,445,True
1353,3,Loyal Actives,4,4,4,444,False
1354,3,Loyal Actives,4,4,4,444,True
1356,3,Loyal Actives,2,3,3,233,False
1357,0,Champions,4,3,4,434,True
1358,1,Truly Lapsed,5,4,3,543,False
1359,2,Declining,1,3,2,132,False
1360,2,Declining,2,1,1,211,False
1361,1,Truly Lapsed,1,1,1,111,False
1362,3,Loyal Actives,5,3,3,533,False
1363,2,Declining,1,3,4,134,True
1364,3,Loyal Actives,5,4,3,543,True
1365,1,Truly Lapsed,1,1,1,111,False
1366,3,Loyal Actives,5,5,4,554,False
1367,0,Champions,5,5,5,555,True
1368,2,Declining,2,2,4,224,False
1369,3,Loyal Actives,5,4,3,543,True
1370,3,Loyal Actives,5,3,5,535,True
1371,1,Truly Lapsed,1,2,2,122,False
1372,2,Declining,1,1,2,112,False
1373,2,Declining,4,2,1,421,False
1374,3,Loyal Actives,4,4,4,444,False
1375,3,Loyal Actives,2,4,4,244,False
1376,0,Champions,5,5,5,555,True
1377,2,Declining,2,1,2,212,False
1378,3,Loyal Actives,5,4,5,545,True
1379,0,Champions,5,5,5,555,False
1380,2,Declining,1,1,1,111,False
1381,2,Declining,2,2,1,221,False
1382,3,Loyal Actives,4,4,3,443,True
1383,3,Loyal Actives,3,4,2,342,False
1384,3,Loyal Actives,4,2,2,422,False
1385,3,Loyal Actives,3,3,4,334,False
1386,1,Truly Lapsed,1,1,1,111,False
1387,3,Loyal Actives,4,3,3,433,False
1388,3,Loyal Actives,3,4,5,345,True
1389,2,Declining,3,2,3,323,True
1390,3,Loyal Actives,2,5,5,255,False
1391,0,Champions,3,4,5,345,True
1392,3,Loyal Actives,2,3,3,233,False
1393,3,Loyal Actives,2,5,5,255,True
1394,3,Loyal Actives,3,4,4,344,True
1395,2,Declining,4,2,2,422,False
1396,3,Loyal Actives,1,5,5,155,True
1397,3,Loyal Actives,4,5,5,455,True
1398,2,Declining,1,1,1,111,False
1399,2,Declining,2,2,2,222,False
1400,1,Truly Lapsed,1,1,1,111,False
1401,0,Champions,2,3,2,232,False
1402,0,Champions,5,5,3,553,True
1403,0,Champions,1,4,4,144,False
1404,2,Declining,2,2,2,222,False
1405,3,Loyal Actives,5,2,3,523,False
1406,3,Loyal Actives,5,4,4,544,False
1407,3,Loyal Actives,4,2,3,423,False
1408,2,Declining,1,3,2,132,False
1409,3,Loyal Actives,2,4,4,244,False
1410,2,Declining,1,1,3,113,False
1412,3,Loyal Actives,3,3,4,334,True
1413,2,Declining,2,1,1,211,False
1414,2,Declining,2,1,1,211,False
1415,2,Declining,5,2,1,521,False
1416,2,Declining,1,1,1,111,False
1417,3,Loyal Actives,4,4,5,445,False
1418,3,Loyal Actives,4,3,3,433,True
1419,3,Loyal Actives,5,5,5,555,True
1420,3,Loyal Actives,2,3,4,234,False
1421,0,Champions,4,5,5,455,True
1422,2,Declining,1,1,1,111,False
1423,0,Champions,5,4,3,543,True
1424,3,Loyal Actives,3,3,2,332,False
1425,3,Loyal Actives,4,4,4,444,True
1426,2,Declining,3,1,2,312,False
1427,3,Loyal Actives,3,2,3,323,False
1428,0,Champions,3,5,5,355,True
1429,3,Loyal Actives,3,3,2,332,True
1430,0,Champions,4,5,5,455,True
1431,3,Loyal Actives,5,4,3,543,False
1432,2,Declining,2,1,1,211,False
1433,1,Truly Lapsed,5,1,1,511,False
1434,3,Loyal Actives,4,5,4,454,False
1435,2,Declining,1,1,1,111,False
1436,1,Truly Lapsed,1,1,1,111,False
1437,3,Loyal Actives,5,3,4,534,True
1438,3,Loyal Actives,3,2,3,323,True
1439,2,Declining,2,2,1,221,False
1440,0,Champions,3,4,3,343,False
1441,2,Declining,2,1,1,211,False
1442,1,Truly Lapsed,1,2,1,121,False
1443,3,Loyal Actives,4,4,2,442,True
1444,2,Declining,1,2,1,121,False
1445,3,Loyal Actives,3,5,5,355,True
1446,3,Loyal Actives,4,2,3,423,False
1447,2,Declining,2,2,2,222,False
1448,2,Declining,1,4,3,143,False
1449,2,Declining,2,2,1,221,False
1450,0,Champions,4,3,2,432,False
1451,0,Champions,3,5,5,355,True
1452,3,Loyal Actives,4,5,3,453,True
1453,3,Loyal Actives,5,5,5,555,True
1454,0,Champions,5,5,5,555,True
1456,2,Declining,2,3,2,232,False
1457,3,Loyal Actives,4,2,4,424,False
1458,3,Loyal Actives,4,4,4,444,False
1459,3,Loyal Actives,5,3,5,535,False
1460,3,Loyal Actives,3,2,3,323,False
1461,0,Champions,5,5,5,555,True
1462,3,Loyal Actives,5,4,5,545,True
1463,0,Champions,2,4,3,243,False
1464,3,Loyal Actives,2,3,3,233,False
1465,3,Loyal Actives,4,2,2,422,False
1466,2,Declining,1,1,2,112,False
1467,3,Loyal Actives,5,5,4,554,True
1468,1,Truly Lapsed,1,3,4,134,True
1469,2,Declining,1,2,2,122,False
1470,0,Champions,3,4,3,343,True
1471,0,Champions,3,2,1,321,False
1473,3,Loyal Actives,5,4,4,544,False
1474,3,Loyal Actives,3,4,4,344,True
1475,3,Loyal Actives,5,5,5,555,True
1476,0,Champions,4,5,5,455,False
1477,1,Truly Lapsed,1,1,1,111,False
1478,1,Truly Lapsed,1,1,1,111,False
1479,3,Loyal Actives,5,5,5,555,True
1480,2,Declining,1,1,1,111,False
1481,3,Loyal Actives,5,5,4,554,True
1482,2,Declining,1,1,1,111,False
1483,3,Loyal Actives,4,4,4,444,True
1484,3,Loyal Actives,3,4,4,344,True
1485,3,Loyal Actives,3,2,2,322,True
1486,2,Declining,1,1,1,111,False
1487,2,Declining,4,2,2,422,False
1488,3,Loyal Actives,3,3,4,334,True
1489,0,Champions,5,5,5,555,False
1490,3,Loyal Actives,5,5,4,554,False
1491,3,Loyal Actives,4,5,5,455,True
1492,3,Loyal Actives,5,3,2,532,True
1493,0,Champions,5,1,1,511,False
1494,3,Loyal Actives,4,3,3,433,True
1495,3,Loyal Actives,4,4,3,443,False
1496,1,Truly Lapsed,1,1,1,111,False
1497,2,Declining,1,1,1,111,False
1498,2,Declining,1,1,2,112,False
1499,3,Loyal Actives,3,3,3,333,True
1500,2,Declining,3,2,2,322,False
1501,0,Champions,4,5,5,455,False
1502,2,Declining,1,1,2,112,False
1503,1,Truly Lapsed,4,1,1,411,False
1505,3,Loyal Actives,4,4,4,444,True
1506,3,Loyal Actives,4,4,3,443,False
1507,2,Declining,4,1,2,412,False
1508,3,Loyal Actives,4,3,2,432,False
1509,0,Champions,5,5,5,555,True
1510,0,Champions,5,5,5,555,False
1511,3,Loyal Actives,5,4,4,544,False
1512,3,Loyal Actives,2,3,2,232,False
1513,2,Declining,2,2,2,222,False
1514,3,Loyal Actives,2,3,3,233,False
1515,3,Loyal Actives,3,3,4,334,False
1516,1,Truly Lapsed,1,1,1,111,False
1517,3,Loyal Actives,3,4,4,344,True
1518,2,Declining,2,1,2,212,False
1519,3,Loyal Actives,4,2,4,424,False
1520,0,Champions,5,4,4,544,False
1521,2,Declining,5,1,1,511,False
1522,3,Loyal Actives,2,2,2,222,False
1523,1,Truly Lapsed,1,1,1,111,False
1524,0,Champions,1,3,4,134,True
1525,2,Declining,5,2,3,523,False
1526,3,Loyal Actives,3,5,4,354,False
1527,0,Champions,5,5,5,555,True
1528,3,Loyal Actives,5,5,5,555,True
1529,0,Champions,2,5,5,255,True
1530,2,Declining,2,2,2,222,False
1531,2,Declining,2,2,2,222,False
1532,2,Declining,2,1,1,211,False
1533,2,Declining,3,1,1,311,False
1534,0,Champions,5,5,5,555,True
1535,3,Loyal Actives,5,5,5,555,False
1536,0,Champions,3,4,5,345,True
1537,3,Loyal Actives,5,4,3,543,True
1538,1,Truly Lapsed,1,1,1,111,False
1539,1,Truly Lapsed,1,1,1,111,False
1540,3,Loyal Actives,5,5,4,554,True
1541,3,Loyal Actives,3,4,5,345,True
1542,3,Loyal Actives,3,4,3,343,False
1543,3,Loyal Actives,5,2,3,523,False
1544,0,Champions,2,1,2,212,False
1545,3,Loyal Actives,4,5,4,454,True
1546,3,Loyal Actives,4,4,4,444,False
1547,0,Champions,5,5,3,553,False
1548,3,Loyal Actives,3,2,2,322,False
1549,3,Loyal Actives,5,5,3,553,True
1550,1,Truly Lapsed,5,5,2,552,False
1552,2,Declining,3,2,2,322,False
1553,2,Declining,1,1,1,111,False
1554,1,Truly Lapsed,1,1,1,111,False
1555,3,Loyal Actives,5,3,3,533,False
1556,3,Loyal Actives,4,4,4,444,True
1557,0,Champions,3,5,5,355,True
1558,3,Loyal Actives,4,4,4,444,False
1559,2,Declining,3,3,3,333,False
1560,2,Declining,4,3,2,432,False
1562,2,Declining,1,2,2,122,False
1563,3,Loyal Actives,5,4,4,544,True
1564,2,Declining,2,2,1,221,False
1565,2,Declining,5,2,1,521,False
1566,0,Champions,5,5,5,555,True
1567,3,Loyal Actives,3,5,3,353,True
1568,3,Loyal Actives,5,3,4,534,True
1569,2,Declining,4,2,2,422,False
1570,2,Declining,2,2,3,223,False
1571,2,Declining,1,1,1,111,False
1572,2,Declining,3,2,2,322,True
1573,2,Declining,1,1,1,111,False
1574,2,Declining,1,2,4,124,False
1575,3,Loyal Actives,2,3,3,233,False
1576,2,Declining,3,1,1,311,False
1577,3,Loyal Actives,3,3,4,334,False
1578,3,Loyal Actives,5,3,3,533,True
1579,0,Champions,3,5,5,355,False
1580,3,Loyal Actives,5,5,3,553,True
1581,2,Declining,2,2,3,223,False
1582,2,Declining,1,2,2,122,False
1583,2,Declining,1,1,1,111,False
1584,3,Loyal Actives,5,5,5,555,False
1585,0,Champions,4,5,5,455,True
1586,2,Declining,3,3,3,333,False
1587,3,Loyal Actives,3,3,2,332,False
1588,3,Loyal Actives,5,5,4,554,True
1589,2,Declining,2,1,1,211,False
1590,3,Loyal Actives,2,3,5,235,False
1591,0,Champions,3,4,5,345,True
1592,0,Champions,5,3,4,534,False
1593,2,Declining,2,2,2,222,False
1594,3,Loyal Actives,4,4,4,444,False
1595,0,Champions,4,4,4,444,True
1596,2,Declining,2,2,3,223,False
1597,2,Declining,2,2,1,221,False
1598,3,Loyal Actives,5,5,5,555,False
1599,3,Loyal Actives,3,4,5,345,False
1600,0,Champions,1,2,2,122,False
1601,1,Truly Lapsed,1,1,2,112,False
1602,3,Loyal Actives,3,5,5,355,False
1603,2,Declining,1,1,2,112,False
1604,3,Loyal Actives,5,5,2,552,True
1605,2,Declining,4,3,1,431,False
1606,2,Declining,1,1,2,112,False
1607,2,Declining,5,4,4,544,False
1608,3,Loyal Actives,5,2,2,522,False
1609,3,Loyal Actives,5,5,5,555,True
1610,1,Truly Lapsed,1,1,1,111,False
1611,2,Declining,1,2,2,122,False
1612,0,Champions,5,4,5,545,False
1613,3,Loyal Actives,5,4,5,545,False
1614,2,Declining,1,3,1,131,False
1615,2,Declining,3,2,1,321,False
1616,2,Declining,2,2,3,223,False
1617,2,Declining,1,3,4,134,False
1618,0,Champions,3,4,4,344,True
1619,0,Champions,3,5,4,354,False
1620,0,Champions,5,5,5,555,False
1621,3,Loyal Actives,5,4,4,544,False
1622,3,Loyal Actives,4,4,4,444,False
1623,3,Loyal Actives,3,5,5,355,False
1624,3,Loyal Actives,2,4,3,243,False
1625,2,Declining,2,2,2,222,False
1627,0,Champions,3,4,4,344,True
1629,2,Declining,1,1,1,111,False
1630,3,Loyal Actives,5,5,5,555,False
1631,3,Loyal Actives,5,5,5,555,True
1632,0,Champions,1,2,3,123,False
1633,3,Loyal Actives,5,5,5,555,True
1634,3,Loyal Actives,4,3,3,433,True
1635,2,Declining,1,1,1,111,False
1636,1,Truly Lapsed,3,1,1,311,False
1637,2,Declining,4,2,1,421,False
1638,3,Loyal Actives,2,3,2,232,False
1639,3,Loyal Actives,5,4,3,543,False
1640,0,Champions,3,4,4,344,False
1641,2,Declining,1,2,1,121,False
1642,3,Loyal Actives,5,4,3,543,False
1643,3,Loyal Actives,3,2,3,323,False
1644,1,Truly Lapsed,5,1,1,511,False
1646,2,Declining,1,2,2,122,False
1647,1,Truly Lapsed,2,1,1,211,False
1648,0,Champions,5,5,5,555,True
1649,2,Declining,2,2,2,222,True
1650,3,Loyal Actives,5,4,3,543,True
1651,3,Loyal Actives,3,3,3,333,False
1652,2,Declining,2,1,1,211,False
1653,0,Champions,4,5,5,455,True
1654,2,Declining,4,2,1,421,False
1655,1,Truly Lapsed,1,1,1,111,False
1656,2,Declining,4,1,1,411,False
1657,0,Champions,1,2,1,121,False
1658,3,Loyal Actives,5,3,2,532,False
1659,3,Loyal Actives,2,5,4,254,False
1660,2,Declining,2,2,2,222,False
1661,2,Declining,2,2,2,222,False
1662,3,Loyal Actives,2,3,5,235,True
1663,0,Champions,2,5,3,253,False
1664,1,Truly Lapsed,5,3,4,534,False
1665,3,Loyal Actives,4,3,2,432,False
1666,2,Declining,1,3,2,132,False
1667,2,Declining,3,1,1,311,False
1668,3,Loyal Actives,4,3,3,433,False
1669,1,Truly Lapsed,1,1,1,111,False
1670,2,Declining,1,1,1,111,False
1671,2,Declining,1,1,2,112,False
1672,3,Loyal Actives,4,3,2,432,False
1673,0,Champions,2,3,4,234,False
1675,3,Loyal Actives,2,4,5,245,False
1676,3,Loyal Actives,4,4,5,445,True
1677,3,Loyal Actives,3,5,5,355,True
1678,2,Declining,1,3,2,132,True
1679,1,Truly Lapsed,4,1,1,411,False
1680,2,Declining,1,3,3,133,True
1681,3,Loyal Actives,3,3,3,333,False
1682,1,Truly Lapsed,1,1,1,111,False
1683,3,Loyal Actives,3,3,3,333,False
1684,2,Declining,3,3,3,333,False
1685,3,Loyal Actives,4,3,2,432,False
1686,3,Loyal Actives,4,4,2,442,True
1687,3,Loyal Actives,3,4,4,344,False
1688,2,Declining,4,2,2,422,False
1689,3,Loyal Actives,4,4,4,444,True
1690,2,Declining,2,2,2,222,False
1691,3,Loyal Actives,4,2,3,423,False
1692,0,Champions,3,5,3,353,True
1693,3,Loyal Actives,4,4,5,445,True
1694,0,Champions,4,5,5,455,True
1695,2,Declining,4,4,2,442,True
1696,3,Loyal Actives,2,3,4,234,True
1697,3,Loyal Actives,4,2,2,422,False
1698,3,Loyal Actives,4,2,3,423,False
1699,2,Declining,1,1,2,112,False
1700,2,Declining,1,1,3,113,False
1701,2,Declining,3,1,3,313,False
1702,3,Loyal Actives,5,2,3,523,False
1703,3,Loyal Actives,4,5,5,455,False
1704,2,Declining,4,2,1,421,False
1705,3,Loyal Actives,3,5,3,353,False
1706,1,Truly Lapsed,3,1,1,311,False
1707,3,Loyal Actives,5,5,4,554,True
1708,3,Loyal Actives,5,2,4,524,True
1709,3,Loyal Actives,2,4,3,243,True
1710,3,Loyal Actives,4,5,5,455,True
1711,2,Declining,3,1,1,311,False
1712,2,Declining,1,1,2,112,False
1713,2,Declining,2,2,3,223,False
1714,1,Truly Lapsed,1,1,1,111,False
1715,3,Loyal Actives,2,2,2,222,False
1716,3,Loyal Actives,4,4,3,443,False
1717,3,Loyal Actives,4,3,3,433,False
1718,1,Truly Lapsed,2,1,1,211,False
1719,3,Loyal Actives,5,3,3,533,False
1720,3,Loyal Actives,3,4,5,345,True
1721,1,Truly Lapsed,1,1,1,111,False
1722,3,Loyal Actives,3,5,5,355,True
1723,2,Declining,2,3,5,235,False
1724,3,Loyal Actives,5,3,3,533,False
1725,1,Truly Lapsed,1,1,1,111,False
1726,0,Champions,4,5,5,455,True
1728,2,Declining,2,1,3,213,False
1729,3,Loyal Actives,4,2,2,422,False
1730,0,Champions,4,4,4,444,False
1731,3,Loyal Actives,4,2,3,423,False
1732,3,Loyal Actives,3,4,4,344,False
1733,1,Truly Lapsed,1,1,2,112,False
1734,2,Declining,1,1,1,111,False
1735,3,Loyal Actives,4,4,4,444,False
1736,2,Declining,2,1,1,211,False
1737,1,Truly Lapsed,4,2,1,421,False
1738,3,Loyal Actives,3,3,3,333,False
1739,2,Declining,3,2,2,322,False
1740,3,Loyal Actives,4,5,5,455,True
1741,2,Declining,1,1,1,111,False
1742,3,Loyal Actives,4,5,3,453,False
1743,0,Champions,3,2,2,322,False
1744,3,Loyal Actives,4,3,2,432,False
1745,3,Loyal Actives,2,4,3,243,True
1746,2,Declining,1,3,3,133,False
1747,0,Champions,3,3,3,333,False
1748,0,Champions,3,5,5,355,True
1749,0,Champions,3,4,4,344,True
1750,1,Truly Lapsed,1,1,2,112,False
1751,3,Loyal Actives,5,5,5,555,True
1752,3,Loyal Actives,4,5,5,455,False
1753,3,Loyal Actives,2,5,4,254,True
1754,0,Champions,3,5,4,354,False
1755,3,Loyal Actives,5,1,2,512,False
1756,2,Declining,1,2,3,123,False
1757,1,Truly Lapsed,1,1,1,111,False
1758,3,Loyal Actives,5,3,4,534,False
1759,3,Loyal Actives,4,5,4,454,True
1760,2,Declining,5,3,1,531,False
1761,2,Declining,2,2,3,223,False
1762,0,Champions,2,5,5,255,True
1763,3,Loyal Actives,5,5,5,555,False
1764,3,Loyal Actives,4,4,5,445,True
1765,3,Loyal Actives,3,3,4,334,True
1766,2,Declining,2,2,1,221,False
1767,3,Loyal Actives,3,5,5,355,False
1768,3,Loyal Actives,2,3,3,233,False
1769,3,Loyal Actives,5,4,5,545,False
1770,0,Champions,5,5,5,555,False
1771,2,Declining,5,1,1,511,False
1772,2,Declining,1,3,3,133,False
1773,0,Champions,2,3,4,234,False
1774,3,Loyal Actives,5,3,4,534,False
1775,0,Champions,2,5,5,255,True
1776,3,Loyal Actives,5,4,3,543,False
1777,3,Loyal Actives,3,3,2,332,False
1778,0,Champions,4,5,5,455,True
1779,3,Loyal Actives,2,4,4,244,True
1780,2,Declining,1,1,1,111,False
1781,0,Champions,2,3,4,234,False
1782,2,Declining,3,2,3,323,False
1783,3,Loyal Actives,5,3,4,534,False
1784,3,Loyal Actives,4,2,3,423,False
1785,3,Loyal Actives,4,3,3,433,True
1786,0,Champions,5,2,1,521,False
1787,2,Declining,1,3,2,132,False
1788,3,Loyal Actives,4,5,5,455,True
1789,2,Declining,3,1,1,311,False
1790,3,Loyal Actives,2,2,3,223,False
1791,3,Loyal Actives,4,4,4,444,True
1792,1,Truly Lapsed,3,2,2,322,False
1793,2,Declining,1,2,3,123,False
1794,3,Loyal Actives,5,3,4,534,False
1795,3,Loyal Actives,5,5,5,555,True
1796,3,Loyal Actives,4,3,3,433,True
1797,3,Loyal Actives,4,4,4,444,True
1798,2,Declining,1,2,3,123,False
1799,2,Declining,1,2,1,121,False
1800,0,Champions,3,3,4,334,True
1801,2,Declining,2,2,1,221,False
1802,3,Loyal Actives,2,2,5,225,True
1803,3,Loyal Actives,4,5,5,455,True
1804,0,Champions,4,5,5,455,True
1805,2,Declining,5,2,1,521,False
1806,3,Loyal Actives,3,4,4,344,False
1807,3,Loyal Actives,2,5,5,255,False
1808,3,Loyal Actives,2,3,3,233,False
1809,3,Loyal Actives,2,3,3,233,False
1810,0,Champions,3,5,4,354,False
1811,2,Declining,2,1,2,212,False
1812,3,Loyal Actives,4,4,3,443,True
1813,1,Truly Lapsed,1,1,1,111,False
1814,3,Loyal Actives,2,2,4,224,True
1815,0,Champions,4,4,5,445,True
1816,3,Loyal Actives,4,4,4,444,True
1817,2,Declining,3,2,2,322,False
1818,1,Truly Lapsed,5,1,1,511,False
1819,3,Loyal Actives,3,3,3,333,False
1820,3,Loyal Actives,3,4,5,345,True
1821,3,Loyal Actives,4,5,5,455,False
1822,3,Loyal Actives,2,5,3,253,True
1823,0,Champions,4,5,5,455,True
1824,3,Loyal Actives,2,4,4,244,False
1825,2,Declining,1,2,3,123,False
1826,3,Loyal Actives,4,4,2,442,False
1827,2,Declining,3,2,2,322,False
1828,2,Declining,1,1,2,112,False
1829,0,Champions,2,5,5,255,True
1831,0,Champions,5,5,5,555,True
1832,2,Declining,2,2,2,222,False
1833,3,Loyal Actives,5,3,3,533,True
1834,3,Loyal Actives,2,4,4,244,True
1835,0,Champions,4,5,5,455,False
1836,3,Loyal Actives,2,3,3,233,False
1837,3,Loyal Actives,4,5,5,455,False
1838,2,Declining,1,2,2,122,False
1839,3,Loyal Actives,4,4,3,443,False
1840,1,Truly Lapsed,1,3,1,131,False
1841,3,Loyal Actives,3,2,3,323,True
1842,2,Declining,1,1,1,111,False
1843,2,Declining,2,2,2,222,False
1844,3,Loyal Actives,1,3,2,132,True
1845,3,Loyal Actives,5,4,5,545,True
1846,2,Declining,5,2,2,522,False
1847,3,Loyal Actives,3,4,4,344,True
1848,3,Loyal Actives,4,3,5,435,True
1849,3,Loyal Actives,2,5,3,253,False
1850,0,Champions,5,5,5,555,True
1851,2,Declining,2,2,2,222,False
1852,0,Champions,4,5,5,455,False
1853,2,Declining,1,2,1,121,False
1854,0,Champions,3,5,5,355,False
1855,2,Declining,2,1,1,211,False
1856,3,Loyal Actives,5,5,4,554,False
1857,3,Loyal Actives,3,4,3,343,False
1858,3,Loyal Actives,2,3,4,234,True
1859,2,Declining,1,1,2,112,False
1860,1,Truly Lapsed,2,2,1,221,False
1861,3,Loyal Actives,2,4,3,243,True
1862,0,Champions,3,4,3,343,False
1864,3,Loyal Actives,2,5,5,255,True
1865,3,Loyal Actives,5,4,5,545,True
1866,1,Truly Lapsed,4,1,1,411,False
1867,2,Declining,5,1,1,511,False
1868,2,Declining,3,1,1,311,False
1869,3,Loyal Actives,4,4,4,444,True
1870,2,Declining,3,2,1,321,False
1871,2,Declining,2,1,1,211,False
1872,3,Loyal Actives,5,4,4,544,False
1873,0,Champions,4,5,5,455,True
1874,2,Declining,2,1,1,211,False
1875,3,Loyal Actives,4,2,2,422,False
1877,3,Loyal Actives,5,3,3,533,False
1878,2,Declining,1,1,1,111,False
1879,3,Loyal Actives,4,5,5,455,True
1880,2,Declining,3,1,1,311,False
1881,0,Champions,2,4,4,244,False
1882,2,Declining,2,1,1,211,False
1883,3,Loyal Actives,2,4,4,244,False
1884,2,Declining,3,2,2,322,False
1885,0,Champions,2,1,1,211,False
1886,1,Truly Lapsed,1,1,1,111,False
1887,3,Loyal Actives,2,4,2,242,False
1889,3,Loyal Actives,2,2,2,222,False
1890,3,Loyal Actives,4,2,3,423,False
1891,2,Declining,3,2,2,322,False
1892,3,Loyal Actives,2,5,5,255,True
1893,0,Champions,1,1,1,111,False
1894,3,Loyal Actives,4,3,4,434,True
1895,2,Declining,3,2,1,321,False
1896,3,Loyal Actives,4,4,4,444,True
1898,2,Declining,1,1,1,111,False
1899,3,Loyal Actives,5,3,5,535,True
1900,3,Loyal Actives,2,3,5,235,False
1901,3,Loyal Actives,5,5,5,555,True
1902,2,Declining,2,1,2,212,False
1903,2,Declining,1,2,2,122,False
1904,2,Declining,2,1,1,211,False
1905,3,Loyal Actives,5,3,2,532,False
1906,3,Loyal Actives,5,4,5,545,False
1907,0,Champions,5,5,5,555,True
1908,1,Truly Lapsed,1,2,2,122,False
1909,2,Declining,5,1,2,512,False
1910,2,Declining,1,1,1,111,False
1911,0,Champions,5,4,3,543,True
1912,3,Loyal Actives,4,3,3,433,False
1913,2,Declining,1,2,2,122,False
1914,3,Loyal Actives,4,4,4,444,True
1915,1,Truly Lapsed,1,1,1,111,False
1916,3,Loyal Actives,2,4,3,243,False
1917,3,Loyal Actives,5,5,5,555,True
1918,3,Loyal Actives,5,2,2,522,False
1919,0,Champions,4,4,4,444,True
1920,3,Loyal Actives,4,3,3,433,True
1921,2,Declining,4,4,3,443,True
1922,3,Loyal Actives,3,4,4,344,False
1923,0,Champions,3,5,4,354,True
1924,3,Loyal Actives,3,5,5,355,False
1925,3,Loyal Actives,2,3,3,233,False
1926,3,Loyal Actives,2,3,3,233,True
1927,3,Loyal Actives,3,4,5,345,True
1928,3,Loyal Actives,3,4,3,343,True
1929,3,Loyal Actives,3,2,4,324,True
1930,3,Loyal Actives,4,4,3,443,False
1931,3,Loyal Actives,2,4,3,243,True
1932,0,Champions,2,4,4,244,False
1933,3,Loyal Actives,3,3,3,333,False
1934,1,Truly Lapsed,1,1,1,111,False
1935,3,Loyal Actives,4,5,5,455,True
1936,0,Champions,3,5,4,354,False
1937,3,Loyal Actives,4,4,5,445,True
1938,2,Declining,4,1,2,412,False
1939,0,Champions,2,3,4,234,True
1940,3,Loyal Actives,2,2,3,223,False
1941,3,Loyal Actives,2,4,2,242,False
1942,3,Loyal Actives,2,4,4,244,False
1943,3,Loyal Actives,4,4,4,444,False
1944,0,Champions,3,5,5,355,True
1945,2,Declining,1,1,2,112,False
1946,3,Loyal Actives,3,2,4,324,True
1947,3,Loyal Actives,5,4,5,545,False
1948,3,Loyal Actives,5,4,3,543,True
1949,2,Declining,2,3,3,233,True
1950,1,Truly Lapsed,1,2,2,122,False
1951,2,Declining,1,1,1,111,False
1952,0,Champions,2,1,1,211,False
1953,3,Loyal Actives,3,4,4,344,True
1954,3,Loyal Actives,3,4,3,343,False
1955,3,Loyal Actives,2,4,5,245,True
1956,3,Loyal Actives,4,2,3,423,False
1957,2,Declining,2,2,3,223,False
1958,2,Declining,1,2,2,122,False
1959,0,Champions,1,4,5,145,False
1960,0,Champions,2,3,3,233,False
1961,3,Loyal Actives,3,3,2,332,False
1962,0,Champions,4,4,4,444,True
1963,2,Declining,1,2,3,123,False
1964,3,Loyal Actives,4,3,3,433,True
1965,0,Champions,4,5,4,454,True
1966,3,Loyal Actives,4,4,5,445,False
1967,3,Loyal Actives,4,3,3,433,False
1968,3,Loyal Actives,4,3,3,433,False
1969,3,Loyal Actives,4,5,3,453,False
1970,3,Loyal Actives,5,3,2,532,False
1971,0,Champions,3,4,3,343,False
1972,3,Loyal Actives,2,4,3,243,False
1973,2,Declining,1,1,1,111,False
1974,2,Declining,1,4,4,144,False
1975,3,Loyal Actives,5,5,5,555,True
1976,3,Loyal Actives,2,4,4,244,True
1977,2,Declining,3,2,1,321,False
1978,3,Loyal Actives,2,3,2,232,False
1979,0,Champions,4,3,2,432,True
1980,3,Loyal Actives,4,3,4,434,True
1981,3,Loyal Actives,5,3,2,532,False
1982,3,Loyal Actives,2,4,4,244,True
1983,2,Declining,1,1,2,112,False
1984,1,Truly Lapsed,4,1,1,411,False
1985,3,Loyal Actives,5,4,5,545,True
1986,2,Declining,2,1,1,211,False
1987,3,Loyal Actives,2,3,3,233,False
1988,0,Champions,4,5,5,455,False
1989,0,Champions,2,5,4,254,True
1990,0,Champions,5,4,4,544,True
1991,0,Champions,2,2,1,221,False
1992,2,Declining,2,2,1,221,False
1993,3,Loyal Actives,5,3,2,532,False
1994,2,Declining,2,2,2,222,False
1995,3,Loyal Actives,3,4,5,345,True
1996,3,Loyal Actives,5,4,3,543,False
1997,3,Loyal Actives,4,3,4,434,True
1998,3,Loyal Actives,4,5,3,453,False
1999,2,Declining,3,2,1,321,False
2000,2,Declining,2,2,1,221,False
2001,0,Champions,2,1,1,211,False
2002,2,Declining,2,2,3,223,True
2003,2,Declining,2,2,3,223,False
2004,3,Loyal Actives,5,5,5,555,True
2005,3,Loyal Actives,5,3,3,533,False
2006,3,Loyal Actives,3,3,4,334,True
2007,0,Champions,5,5,5,555,True
2008,3,Loyal Actives,5,3,3,533,False
2009,1,Truly Lapsed,1,1,1,111,False
2010,1,Truly Lapsed,2,1,1,211,False
2011,3,Loyal Actives,4,4,3,443,True
2012,0,Champions,4,5,5,455,True
2013,2,Declining,1,4,2,142,True
2014,2,Declining,2,1,2,212,False
2015,3,Loyal Actives,4,4,5,445,False
2016,3,Loyal Actives,5,3,3,533,False
2017,0,Champions,4,5,5,455,True
2018,3,Loyal Actives,5,5,4,554,True
2019,3,Loyal Actives,4,5,5,455,False
2020,3,Loyal Actives,5,5,5,555,True
2021,3,Loyal Actives,3,3,2,332,False
2022,3,Loyal Actives,5,3,5,535,False
2023,3,Loyal Actives,5,4,3,543,True
2024,0,Champions,4,3,4,434,True
2025,0,Champions,3,1,2,312,False
2026,2,Declining,4,1,3,413,False
2027,3,Loyal Actives,1,4,3,143,False
2028,3,Loyal Actives,3,3,3,333,False
2029,2,Declining,2,2,3,223,False
2030,3,Loyal Actives,5,4,4,544,True
2031,1,Truly Lapsed,1,1,1,111,False
2032,0,Champions,5,2,2,522,False
2033,0,Champions,1,4,4,144,False
2034,0,Champions,4,5,4,454,False
2035,3,Loyal Actives,3,2,2,322,False
2036,3,Loyal Actives,3,2,4,324,False
2037,3,Loyal Actives,3,3,2,332,False
2038,2,Declining,3,2,3,323,False
2040,3,Loyal Actives,3,5,3,353,True
2041,3,Loyal Actives,4,5,5,455,True
2042,3,Loyal Actives,2,2,4,224,False
2043,3,Loyal Actives,3,3,3,333,False
2044,3,Loyal Actives,4,2,2,422,False
2045,2,Declining,1,1,1,111,False
2046,2,Declining,2,2,1,221,False
2047,0,Champions,2,4,4,244,False
2048,2,Declining,2,2,3,223,False
2049,2,Declining,2,2,1,221,False
2050,0,Champions,4,4,4,444,True
2051,1,Truly Lapsed,1,2,1,121,False
2052,1,Truly Lapsed,1,1,1,111,False
2053,3,Loyal Actives,4,5,4,454,True
2054,2,Declining,1,1,1,111,False
2055,3,Loyal Actives,5,5,4,554,False
2056,3,Loyal Actives,5,4,3,543,False
2057,0,Champions,4,4,4,444,True
2058,3,Loyal Actives,4,4,4,444,True
2059,2,Declining,1,2,3,123,False
2060,2,Declining,2,2,2,222,False
2061,2,Declining,3,1,1,311,False
2062,3,Loyal Actives,4,4,4,444,True
2063,2,Declining,1,3,3,133,True
2064,3,Loyal Actives,4,5,5,455,True
2065,3,Loyal Actives,5,3,4,534,False
2066,2,Declining,1,4,3,143,False
2068,3,Loyal Actives,5,4,3,543,True
2069,3,Loyal Actives,3,3,3,333,True
2070,3,Loyal Actives,5,5,5,555,True
2071,3,Loyal Actives,3,5,3,353,False
2073,2,Declining,1,1,2,112,False
2074,2,Declining,3,2,1,321,False
2075,3,Loyal Actives,4,5,5,455,False
2076,0,Champions,4,5,5,455,True
2077,3,Loyal Actives,2,3,2,232,False
2078,0,Champions,3,2,2,322,False
2079,3,Loyal Actives,2,3,4,234,False
2080,3,Loyal Actives,3,2,4,324,False
2081,2,Declining,1,1,1,111,False
2082,0,Champions,5,5,4,554,True
2083,3,Loyal Actives,5,5,5,555,False
2084,3,Loyal Actives,5,4,4,544,True
2085,3,Loyal Actives,3,5,5,355,True
2086,3,Loyal Actives,5,5,5,555,True
2087,0,Champions,5,5,5,555,True
2088,3,Loyal Actives,3,4,5,345,True
2089,2,Declining,2,2,1,221,False
2090,3,Loyal Actives,4,2,2,422,False
2091,2,Declining,1,1,2,112,False
2092,0,Champions,1,4,2,142,True
2093,0,Champions,1,1,1,111,False
2094,3,Loyal Actives,5,3,4,534,True
2095,3,Loyal Actives,1,5,4,154,False
2096,2,Declining,1,1,3,113,False
2097,0,Champions,4,5,5,455,True
2098,2,Declining,2,1,2,212,False
2099,0,Champions,2,3,2,232,False
2100,3,Loyal Actives,5,3,4,534,True
2101,1,Truly Lapsed,2,1,1,211,False
2102,3,Loyal Actives,4,4,4,444,True
2103,2,Declining,1,1,1,111,False
2104,2,Declining,2,2,2,222,False
2105,2,Declining,1,1,1,111,False
2106,1,Truly Lapsed,1,1,2,112,False
2107,3,Loyal Actives,2,3,4,234,True
2108,3,Loyal Actives,5,4,3,543,False
2109,3,Loyal Actives,3,4,4,344,False
2110,3,Loyal Actives,4,5,5,455,True
2111,3,Loyal Actives,5,4,3,543,True
2112,3,Loyal Actives,2,4,5,245,True
2113,2,Declining,1,3,3,133,False
2114,3,Loyal Actives,4,4,4,444,False
2115,0,Champions,5,5,5,555,True
2116,3,Loyal Actives,4,5,5,455,True
2117,3,Loyal Actives,3,3,2,332,False
2118,2,Declining,1,2,2,122,False
2119,3,Loyal Actives,5,2,3,523,True
2120,3,Loyal Actives,2,3,3,233,False
2121,0,Champions,3,4,5,345,True
2122,1,Truly Lapsed,2,1,1,211,False
2123,3,Loyal Actives,4,3,5,435,True
2124,0,Champions,5,5,5,555,True
2125,0,Champions,5,4,5,545,False
2126,3,Loyal Actives,3,4,4,344,False
2127,2,Declining,3,2,3,323,False
2128,1,Truly Lapsed,1,2,1,121,False
2129,0,Champions,3,5,5,355,True
2130,3,Loyal Actives,2,4,5,245,True
2131,3,Loyal Actives,4,4,4,444,False
2132,2,Declining,5,2,2,522,False
2133,0,Champions,4,4,5,445,True
2134,3,Loyal Actives,4,3,5,435,True
2135,2,Declining,1,2,2,122,False
2136,3,Loyal Actives,5,1,3,513,False
2137,0,Champions,5,5,4,554,False
2138,3,Loyal Actives,2,3,3,233,False
2139,3,Loyal Actives,4,5,5,455,False
2140,3,Loyal Actives,3,3,3,333,True
2141,3,Loyal Actives,3,3,4,334,False
2142,3,Loyal Actives,4,3,5,435,False
2143,1,Truly Lapsed,1,1,1,111,False
2144,3,Loyal Actives,3,3,4,334,False
2145,2,Declining,1,2,2,122,False
2146,2,Declining,1,2,2,122,False
2147,3,Loyal Actives,4,3,5,435,True
2148,3,Loyal Actives,2,4,3,243,True
2149,0,Champions,5,4,4,544,False
2151,1,Truly Lapsed,1,1,1,111,False
2152,2,Declining,2,1,1,211,False
2153,3,Loyal Actives,5,2,2,522,False
2154,3,Loyal Actives,5,5,4,554,True
2155,1,Truly Lapsed,1,1,1,111,False
2156,0,Champions,2,4,5,245,True
2157,2,Declining,1,1,1,111,False
2158,0,Champions,5,4,4,544,True
2159,3,Loyal Actives,4,4,3,443,False
2160,2,Declining,3,3,2,332,False
2161,0,Champions,3,2,3,323,False
2162,3,Loyal Actives,5,5,5,555,True
2163,2,Declining,2,1,1,211,False
2164,1,Truly Lapsed,1,1,2,112,False
2165,2,Declining,3,1,1,311,False
2166,1,Truly Lapsed,1,1,1,111,False
2167,2,Declining,1,2,2,122,False
2168,3,Loyal Actives,5,5,4,554,True
2169,2,Declining,2,2,2,222,False
2170,3,Loyal Actives,5,5,5,555,False
2171,3,Loyal Actives,4,4,4,444,False
2172,3,Loyal Actives,5,4,4,544,True
2173,3,Loyal Actives,5,4,4,544,True
2174,3,Loyal Actives,4,2,1,421,False
2175,2,Declining,4,1,2,412,False
2176,2,Declining,1,4,3,143,False
2177,1,Truly Lapsed,1,1,1,111,False
2178,0,Champions,1,5,4,154,False
2179,2,Declining,3,2,2,322,True
2180,2,Declining,2,2,2,222,False
2181,3,Loyal Actives,4,3,4,434,True
2182,3,Loyal Actives,3,3,2,332,True
2183,0,Champions,4,5,4,454,True
2184,0,Champions,3,4,4,344,True
2185,3,Loyal Actives,3,3,5,335,True
2186,3,Loyal Actives,2,4,5,245,True
2187,2,Declining,2,2,3,223,False
2188,3,Loyal Actives,4,4,4,444,True
2189,0,Champions,4,4,3,443,False
2190,0,Champions,5,5,5,555,True
2191,2,Declining,1,1,2,112,False
2192,2,Declining,1,1,1,111,False
2193,3,Loyal Actives,5,4,5,545,True
2194,3,Loyal Actives,5,5,5,555,True
2195,3,Loyal Actives,5,3,2,532,False
2196,3,Loyal Actives,4,3,2,432,False
2197,2,Declining,2,1,1,211,False
2198,0,Champions,5,5,5,555,True
2199,0,Champions,3,4,5,345,True
2200,3,Loyal Actives,4,5,5,455,True
2202,2,Declining,1,1,1,111,False
2203,3,Loyal Actives,1,3,4,134,True
2204,3,Loyal Actives,5,5,3,553,False
2205,2,Declining,2,2,2,222,False
2206,2,Declining,1,2,1,121,False
2207,3,Loyal Actives,4,5,5,455,False
2208,3,Loyal Actives,3,4,5,345,True
2209,0,Champions,5,5,5,555,True
2210,3,Loyal Actives,5,2,3,523,False
2211,3,Loyal Actives,5,3,3,533,False
2212,1,Truly Lapsed,1,2,1,121,False
2213,2,Declining,3,2,2,322,False
2214,2,Declining,2,1,1,211,False
2215,3,Loyal Actives,2,4,3,243,False
2216,3,Loyal Actives,5,2,1,521,False
2217,3,Loyal Actives,5,5,4,554,True
2218,2,Declining,3,1,2,312,False
2219,0,Champions,1,1,1,111,False
2220,2,Declining,3,1,1,311,False
2221,3,Loyal Actives,4,4,3,443,True
2222,3,Loyal Actives,2,2,4,224,False
2223,2,Declining,3,2,1,321,False
2224,3,Loyal Actives,4,4,4,444,True
2225,3,Loyal Actives,4,4,4,444,False
2226,0,Champions,2,5,5,255,False
2227,3,Loyal Actives,3,5,4,354,False
2228,1,Truly Lapsed,1,4,4,144,False
2229,3,Loyal Actives,4,3,3,433,False
2230,2,Declining,2,2,2,222,False
2231,3,Loyal Actives,2,3,4,234,True
2232,2,Declining,2,2,2,222,False
2233,0,Champions,5,5,5,555,True
2234,3,Loyal Actives,5,5,5,555,True
2235,3,Loyal Actives,4,4,4,444,True
2236,0,Champions,2,5,4,254,False
2237,3,Loyal Actives,5,4,5,545,True
2238,3,Loyal Actives,5,5,4,554,False
2239,2,Declining,1,2,3,123,False
2240,3,Loyal Actives,5,5,4,554,False
2241,3,Loyal Actives,3,3,3,333,False
2242,3,Loyal Actives,3,2,2,322,False
2243,3,Loyal Actives,2,2,5,225,True
2244,3,Loyal Actives,4,5,4,454,False
2245,3,Loyal Actives,3,5,4,354,False
2246,1,Truly Lapsed,1,1,1,111,False
2247,3,Loyal Actives,5,3,4,534,False
2248,2,Declining,2,2,2,222,False
2250,3,Loyal Actives,2,3,3,233,True
2251,2,Declining,3,1,3,313,False
2252,0,Champions,5,5,5,555,True
2253,2,Declining,1,1,1,111,False
2254,0,Champions,1,4,2,142,True
2255,2,Declining,5,1,1,511,False
2256,2,Declining,1,2,3,123,False
2257,2,Declining,2,2,2,222,False
2258,2,Declining,2,2,2,222,False
2260,0,Champions,3,4,4,344,True
2261,0,Champions,5,5,5,555,False
2262,3,Loyal Actives,5,4,2,542,False
2263,3,Loyal Actives,4,5,4,454,False
2264,3,Loyal Actives,3,5,5,355,True
2266,3,Loyal Actives,5,5,5,555,True
2267,3,Loyal Actives,3,2,3,323,False
2268,2,Declining,1,1,1,111,False
2269,3,Loyal Actives,5,5,4,554,True
2270,3,Loyal Actives,4,5,4,454,False
2271,2,Declining,1,3,1,131,False
2272,1,Truly Lapsed,3,3,3,333,True
2273,2,Declining,2,2,2,222,False
2274,3,Loyal Actives,5,2,5,525,False
2275,3,Loyal Actives,5,4,4,544,False
2276,3,Loyal Actives,2,2,2,222,False
2277,3,Loyal Actives,2,4,4,244,False
2278,3,Loyal Actives,4,2,2,422,False
2279,3,Loyal Actives,5,3,2,532,True
2280,3,Loyal Actives,4,5,5,455,True
2281,3,Loyal Actives,3,4,5,345,False
2282,3,Loyal Actives,3,3,2,332,True
2283,1,Truly Lapsed,2,1,2,212,False
2284,3,Loyal Actives,5,5,5,555,True
2285,3,Loyal Actives,3,3,3,333,False
2286,2,Declining,2,1,1,211,False
2287,2,Declining,2,2,2,222,False
2288,3,Loyal Actives,3,3,3,333,False
2289,3,Loyal Actives,4,3,3,433,False
2290,3,Loyal Actives,4,3,2,432,False
2291,2,Declining,3,3,1,331,False
2292,0,Champions,4,4,3,443,True
2293,2,Declining,1,2,4,124,False
2294,0,Champions,3,4,5,345,True
2295,3,Loyal Actives,3,3,5,335,True
2296,3,Loyal Actives,5,5,5,555,True
2297,2,Declining,2,2,2,222,False
2298,3,Loyal Actives,4,3,4,434,True
2299,3,Loyal Actives,1,3,3,133,False
2300,3,Loyal Actives,2,4,5,245,True
2301,3,Loyal Actives,2,4,4,244,False
2302,3,Loyal Actives,4,3,3,433,True
2303,3,Loyal Actives,4,3,3,433,False
2304,2,Declining,1,1,1,111,False
2305,3,Loyal Actives,3,4,5,345,True
2307,0,Champions,4,5,5,455,True
2308,1,Truly Lapsed,1,2,2,122,False
2309,2,Declining,2,1,1,211,False
2310,3,Loyal Actives,2,3,3,233,False
2311,0,Champions,2,2,3,223,False
2312,3,Loyal Actives,2,5,5,255,True
2313,0,Champions,1,1,1,111,False
2314,3,Loyal Actives,5,3,4,534,True
2316,2,Declining,1,1,1,111,False
2317,3,Loyal Actives,4,4,5,445,True
2318,3,Loyal Actives,1,5,5,155,True
2319,2,Declining,3,2,2,322,False
2320,2,Declining,2,2,1,221,False
2321,1,Truly Lapsed,1,1,1,111,False
2322,3,Loyal Actives,4,5,5,455,True
2323,0,Champions,2,2,2,222,False
2324,3,Loyal Actives,4,4,4,444,True
2326,3,Loyal Actives,2,3,3,233,False
2327,2,Declining,2,2,2,222,False
2328,3,Loyal Actives,3,4,5,345,True
2329,2,Declining,1,3,3,133,False
2330,0,Champions,5,3,5,535,True
2331,0,Champions,3,3,5,335,True
2332,2,Declining,2,1,1,211,False
2333,2,Declining,2,1,1,211,False
2334,3,Loyal Actives,3,5,5,355,True
2335,3,Loyal Actives,4,3,3,433,False
2336,3,Loyal Actives,2,3,3,233,False
2337,3,Loyal Actives,5,5,5,555,True
2338,3,Loyal Actives,2,3,3,233,False
2340,0,Champions,2,4,4,244,False
2341,3,Loyal Actives,3,5,5,355,True
2342,0,Champions,5,5,5,555,True
2343,0,Champions,5,5,4,554,True
2344,3,Loyal Actives,4,3,3,433,False
2345,3,Loyal Actives,5,3,4,534,False
2346,2,Declining,2,1,2,212,False
2347,0,Champions,3,4,4,344,True
2349,0,Champions,3,3,3,333,False
2350,1,Truly Lapsed,1,2,2,122,False
2351,0,Champions,4,5,5,455,True
2352,2,Declining,2,3,2,232,False
2353,2,Declining,1,1,1,111,False
2354,0,Champions,3,3,4,334,False
2355,2,Declining,1,1,1,111,False
2356,2,Declining,1,3,2,132,False
2357,2,Declining,1,2,1,121,False
2358,3,Loyal Actives,3,3,3,333,False
2359,0,Champions,3,5,4,354,True
2360,0,Champions,4,5,5,455,True
2361,3,Loyal Actives,3,4,5,345,True
2362,2,Declining,5,1,1,511,False
2363,2,Declining,3,2,2,322,False
2364,3,Loyal Actives,3,4,5,345,True
2366,0,Champions,4,5,5,455,False
2367,3,Loyal Actives,3,4,4,344,True
2368,3,Loyal Actives,5,2,3,523,False
2369,0,Champions,5,3,4,534,False
2370,3,Loyal Actives,3,5,5,355,True
2371,3,Loyal Actives,2,3,2,232,False
2372,3,Loyal Actives,3,3,4,334,False
2373,2,Declining,1,4,4,144,False
2374,3,Loyal Actives,3,3,5,335,True
2375,3,Loyal Actives,4,4,4,444,False
2376,0,Champions,5,5,4,554,True
2377,0,Champions,4,3,2,432,False
2378,3,Loyal Actives,4,5,5,455,True
2379,3,Loyal Actives,2,2,2,222,False
2380,0,Champions,4,5,5,455,True
2381,3,Loyal Actives,5,3,3,533,False
2382,2,Declining,1,2,2,122,False
2383,2,Declining,5,1,1,511,False
2384,1,Truly Lapsed,1,1,1,111,False
2385,0,Champions,2,5,5,255,False
2386,3,Loyal Actives,3,2,2,322,False
2387,2,Declining,2,1,2,212,False
2388,3,Loyal Actives,2,3,3,233,False
2389,3,Loyal Actives,3,3,2,332,False
2390,2,Declining,1,2,2,122,True
2391,2,Declining,1,2,1,121,False
2392,2,Declining,2,2,3,223,False
2393,3,Loyal Actives,5,3,4,534,True
2394,0,Champions,2,3,2,232,False
2395,3,Loyal Actives,3,5,4,354,False
2396,2,Declining,3,1,1,311,False
2397,1,Truly Lapsed,1,2,3,123,True
2398,2,Declining,3,3,3,333,False
2399,1,Truly Lapsed,1,1,1,111,False
2400,0,Champions,4,5,5,455,True
2401,2,Declining,2,3,2,232,False
2402,2,Declining,2,2,3,223,False
2403,2,Declining,1,1,1,111,False
2404,1,Truly Lapsed,4,1,1,411,False
2405,0,Champions,3,4,4,344,True
2406,3,Loyal Actives,5,4,4,544,True
2407,3,Loyal Actives,3,5,5,355,True
2408,2,Declining,5,2,3,523,False
2410,3,Loyal Actives,5,3,3,533,False
2411,2,Declining,1,3,3,133,True
2412,3,Loyal Actives,4,5,5,455,False
2413,2,Declining,1,1,1,111,False
2414,2,Declining,1,1,1,111,False
2415,3,Loyal Actives,5,2,2,522,False
2416,3,Loyal Actives,3,4,4,344,False
2417,1,Truly Lapsed,1,1,1,111,False
2418,3,Loyal Actives,4,4,3,443,False
2419,2,Declining,1,2,2,122,False
2420,3,Loyal Actives,5,3,4,534,True
2421,3,Loyal Actives,5,3,5,535,True
2422,1,Truly Lapsed,1,1,1,111,False
2423,3,Loyal Actives,1,2,3,123,False
2424,3,Loyal Actives,3,4,4,344,False
2425,0,Champions,3,3,3,333,False
2426,0,Champions,2,4,3,243,True
2427,0,Champions,5,5,5,555,True
2428,0,Champions,2,1,1,211,False
2429,2,Declining,1,3,3,133,False
2430,3,Loyal Actives,3,2,3,323,False
2431,2,Declining,2,2,2,222,False
2432,3,Loyal Actives,3,5,5,355,True
2433,2,Declining,1,2,2,122,False
2434,2,Declining,2,1,2,212,False
2435,3,Loyal Actives,4,3,4,434,True
2436,2,Declining,1,1,1,111,False
2437,3,Loyal Actives,2,3,4,234,True
2438,3,Loyal Actives,4,5,3,453,False
2439,2,Declining,2,2,1,221,False
2440,3,Loyal Actives,3,4,3,343,False
2441,3,Loyal Actives,3,3,2,332,False
2442,2,Declining,3,2,2,322,False
2443,1,Truly Lapsed,1,4,3,143,False
2445,3,Loyal Actives,5,4,5,545,True
2446,3,Loyal Actives,4,5,5,455,True
2447,3,Loyal Actives,3,4,5,345,True
2448,3,Loyal Actives,5,5,5,555,True
2449,3,Loyal Actives,3,5,5,355,True
2450,3,Loyal Actives,3,3,3,333,False
2451,3,Loyal Actives,4,5,5,455,False
2452,3,Loyal Actives,5,4,4,544,False
2453,3,Loyal Actives,5,4,4,544,True
2454,2,Declining,2,2,1,221,False
2455,3,Loyal Actives,2,4,5,245,True
2456,3,Loyal Actives,2,3,2,232,False
2457,3,Loyal Actives,2,3,2,232,False
2458,3,Loyal Actives,5,2,2,522,False
2459,3,Loyal Actives,4,5,5,455,False
2460,2,Declining,3,2,2,322,False
2461,2,Declining,2,1,2,212,False
2462,3,Loyal Actives,5,5,5,555,False
2463,1,Truly Lapsed,1,1,1,111,False
2464,2,Declining,1,2,2,122,False
2465,3,Loyal Actives,5,4,3,543,True
2466,3,Loyal Actives,4,4,4,444,False
2467,3,Loyal Actives,5,5,5,555,True
2468,3,Loyal Actives,4,4,4,444,False
2469,2,Declining,4,1,1,411,False
2470,0,Champions,2,3,2,232,False
2471,3,Loyal Actives,5,2,2,522,False
2472,3,Loyal Actives,3,2,3,323,False
2473,2,Declining,1,1,1,111,False
2474,2,Declining,4,2,1,421,False
2475,3,Loyal Actives,5,4,5,545,False
2476,1,Truly Lapsed,1,1,2,112,False
2477,2,Declining,2,1,2,212,False
2478,3,Loyal Actives,3,4,3,343,False
2479,3,Loyal Actives,5,4,5,545,True
2480,1,Truly Lapsed,1,1,2,112,False
2481,0,Champions,4,4,5,445,False
2482,2,Declining,3,2,2,322,False
2483,3,Loyal Actives,5,4,3,543,True
2484,3,Loyal Actives,2,4,5,245,False
2485,3,Loyal Actives,2,3,2,232,False
2486,3,Loyal Actives,5,4,4,544,True
2487,2,Declining,1,1,2,112,False
2488,3,Loyal Actives,4,4,5,445,True
2489,3,Loyal Actives,3,4,5,345,True
2490,2,Declining,3,2,1,321,False
2491,2,Declining,1,3,1,131,False
2492,2,Declining,2,3,3,233,False
2493,2,Declining,1,3,3,133,False
2494,3,Loyal Actives,4,2,3,423,True
2495,2,Declining,3,1,1,311,False
2496,3,Loyal Actives,2,3,4,234,True
2497,3,Loyal Actives,4,5,5,455,True
2498,3,Loyal Actives,4,5,4,454,True
2499,3,Loyal Actives,3,3,4,334,True
2500,0,Champions,5,4,5,545,False
